abandon,abandon (v.) 捨棄、放棄；【詞性變化】 abandonment (n.) 放棄、遺棄；【搭配詞】 abandon a habit 戒除習慣
abbreviate,abbreviate (v.) 縮寫、使簡短；【詞性變化】 abbreviation (n.) 縮寫字；【搭配詞】 abbreviate a word 縮寫單字
ability,ability (n.) 能力、才華；【詞性變化】 able (adj.) 有能力的；【搭配詞】 the ability to lead 領導能力
abnormal,abnormal (adj.) 異常的、變態的；【詞性變化】 abnormality (n.) 異常；【搭配詞】 abnormal behavior 異常行為
abolish,abolish (v.) 廢除、革除；【詞性變化】 abolition (n.) 廢除；【搭配詞】 abolish a law 廢除法律
abrupt,abrupt (adj.) 突然的、唐突的；【詞性變化】 abruptly (adv.) 突然地；【搭配詞】 an abrupt change 突然的轉變
absence,absence (n.) 缺席、缺乏；【詞性變化】 absent (adj.) 缺席的；【搭配詞】 leave of absence 請假
absolute,absolute (adj.) 絕對的、完全的；【詞性變化】 absolutely (adv.) 絕對地；【搭配詞】 absolute trust 絕對信任
absorb,absorb (v.) 吸收、吸引；【詞性變化】 absorption (n.) 吸收、專心；【搭配詞】 absorb water 吸收水分
abstract,abstract (adj.) 抽象的；(n.) 摘要；【詞性變化】 abstraction (n.) 抽象概念；【搭配詞】 abstract art 抽象藝術
abundant,abundant (adj.) 豐富的、充裕的；【詞性變化】 abundance (n.) 豐富；【搭配詞】 abundant resources 豐富的資源
academic,academic (adj.) 學術的、學院的；【詞性變化】 academy (n.) 學院；【搭配詞】 academic performance 學業表現
accelerate,accelerate (v.) 加速、促進；【詞性變化】 acceleration (n.) 加速；【搭配詞】 accelerate the process 加速進程
accessible,accessible (adj.) 可接近的、易受影響的；【詞性變化】 access (n./v.) 接近、取得；【搭配詞】 easily accessible 容易接近的
accommodate,accommodate (v.) 容納、提供住宿；【詞性變化】 accommodation (n.) 住宿、調節；【搭配詞】 accommodate guests 招待客人
accompany,accompany (v.) 陪伴、伴奏；【詞性變化】 accompaniment (n.) 伴奏、伴隨物；【搭配詞】 accompany a friend 陪伴朋友
accomplish,accomplish (v.) 完成、達到；【詞性變化】 accomplishment (n.) 成就、完成；【搭配詞】 accomplish a task 完成任務
accumulate,accumulate (v.) 累積、積聚；【詞性變化】 accumulation (n.) 累積；【搭配詞】 accumulate wealth 累積財富
accurate,accurate (adj.) 精確的、正確的；【詞性變化】 accuracy (n.) 精確性；【搭配詞】 an accurate description 精確的描述
accuse,accuse (v.) 控訴、譴責；【詞性變化】 accusation (n.) 控告；【搭配詞】 accuse sb. of theft 控告某人偷竊
accustom,accustom (v.) 使習慣於；【詞性變化】 accustomed (adj.) 習慣的；【搭配詞】 accustom oneself to 習慣於...
acknowledge,acknowledge (v.) 承認、公認；【詞性變化】 acknowledgement (n.) 承認、感謝；【搭配詞】 acknowledge a mistake 承認錯誤
acquire,acquire (v.) 獲得、習得；【詞性變化】 acquisition (n.) 獲得；【搭配詞】 acquire a language 習得語言
adapt,adapt (v.) 適應、改編；【詞性變化】 adaptation (n.) 適應、改編本；【搭配詞】 adapt to climate 適應氣候
adequate,adequate (adj.) 足夠的、適當的；【詞性變化】 adequacy (n.) 適當、足夠；【搭配詞】 adequate food 充足的食物
adjust,adjust (v.) 調整、調節；【詞性變化】 adjustment (n.) 調整；【搭配詞】 adjust the seat 調整座位
admire,admire (v.) 欽佩、賞識；【詞性變化】 admiration (n.) 欽佩；【搭配詞】 admire sb's courage 欽佩某人的勇氣
adolescent,adolescent (n.) 青少年；(adj.) 青春期的；【詞性變化】 adolescence (n.) 青春期；【搭配詞】 adolescent rebellion 青少年叛逆
adopt,adopt (v.) 採取、收養；【詞性變化】 adoption (n.) 採納、收養；【搭配詞】 adopt a plan 採取計劃
adverse,adverse (adj.) 不利的、相反的；【詞性變化】 adversity (n.) 逆境；【搭配詞】 adverse effects 不利影響
advocate,advocate (v.) 提倡、主張；(n.) 擁護者；【詞性變化】 advocacy (n.) 擁護；【搭配詞】 advocate environmental protection 提倡環保
aesthetic,aesthetic (adj.) 美學的、美感的；【詞性變化】 aesthetics (n.) 美學；【搭配詞】 aesthetic value 審美價值
affection,affection (n.) 喜愛、愛慕；【詞性變化】 affectionate (adj.) 深情的；【搭配詞】 win sb's affection 贏得某人的喜愛
aggressive,aggressive (adj.) 侵略性的、積極進取的；【詞性變化】 aggression (n.) 侵略；【搭配詞】 an aggressive salesman 積極的銷售員
agreeable,agreeable (adj.) 宜人的、欣然同意的；【詞性變化】 agreement (n.) 同意；【搭配詞】 an agreeable voice 悅耳的聲音
alienate,alienate (v.) 使疏遠、離間；【詞性變化】 alienation (n.) 疏遠；【搭配詞】 alienate friends 使朋友疏遠
allocate,allocate (v.) 分派、分配；【詞性變化】 allocation (n.) 分配；【搭配詞】 allocate resources 分配資源
alternative,alternative (n.) 選擇；(adj.) 替代的；【詞性變化】 alternate (v./adj.) 輪流；【搭配詞】 no alternative but to 唯有...
ambiguous,ambiguous (adj.) 模稜兩可的、含糊的；【詞性變化】 ambiguity (n.) 含糊；【搭配詞】 an ambiguous answer 模稜兩可的答案
amend,amend (v.) 修正、改正；【詞性變化】 amendment (n.) 修正案；【搭配詞】 amend a law 修正法律
analyze,analyze (v.) 分析；【詞性變化】 analysis (n.) 分析；【搭配詞】 analyze data 分析數據
anonymous,anonymous (adj.) 匿名的；【詞性變化】 anonymity (n.) 匿名性；【搭配詞】 an anonymous donor 匿名捐助者
anticipate,anticipate (v.) 預期、預料；【詞性變化】 anticipation (n.) 預期；【搭配詞】 anticipate problems 預期問題
apparent,apparent (adj.) 明顯的、表面的；【詞性變化】 apparently (adv.) 顯然地；【搭配詞】 for no apparent reason 沒有明顯原因
applaud,applaud (v.) 鼓掌、喝采；【詞性變化】 applause (n.) 掌聲；【搭配詞】 applaud a performance 為表演鼓掌
appliance,appliance (n.) 器具、電器；【搭配詞】 household appliances 家用電器
applicable,applicable (adj.) 可應用的、合適的；【詞性變化】 apply (v.) 申請、應用；【搭配詞】 applicable to anyone 適用於任何人
appoint,appoint (v.) 任命、委任；【詞性變化】 appointment (n.) 預約、任命；【搭配詞】 appoint a leader 任命領導者
appreciate,appreciate (v.) 感激、欣賞、增值；【詞性變化】 appreciation (n.) 感謝、賞識；【搭配詞】 deeply appreciate 深深感激
appropriate,appropriate (adj.) 適當的、合宜的；【詞性變化】 appropriately (adv.) 合適地；【搭配詞】 appropriate dress 合適的穿著
approximate,approximate (adj.) 大約的、近似的；(v.) 接近；【詞性變化】 approximately (adv.) 大約；【搭配詞】 approximate value 近似值
architecture,architecture (n.) 建築學、建築風格；【詞性變化】 architect (n.) 建築師；【搭配詞】 modern architecture 現代建築
artificial,artificial (adj.) 人造的、虛偽的；【搭配詞】 artificial intelligence 人工智慧
articulate,articulate (v.) 清楚地說；(adj.) 發音清晰的；【搭配詞】 articulate one's ideas 清楚表達思想
assemble,assemble (v.) 集合、裝配；【詞性變化】 assembly (n.) 集會、組件；【搭配詞】 assemble a computer 組裝電腦
assert,assert (v.) 斷言、維護；【詞性變化】 assertion (n.) 主張、斷言；【搭配詞】 assert authority 維護權威
assess,assess (v.) 評估、評定；【詞性變化】 assessment (n.) 評估；【搭配詞】 assess the situation 評估局勢
assign,assign (v.) 指派、分配；【詞性變化】 assignment (n.) 任務、作業；【搭配詞】 assign a task 指派任務
associate,associate (v.) 聯想、交往；(n.) 同事；【詞性變化】 association (n.) 協會、聯想；【搭配詞】 associate with 交往
assume,assume (v.) 假定、承擔；【詞性變化】 assumption (n.) 假設；【搭配詞】 assume responsibility 承擔責任
assure,assure (v.) 向...保證；【詞性變化】 assurance (n.) 保證、信心；【搭配詞】 assure sb of sth 向某人保證某事
astonish,astonish (v.) 使驚訝；【詞性變化】 astonishment (n.) 驚訝；【搭配詞】 astonish the world 震驚世界
attach,attach (v.) 附上、連接；【詞性變化】 attachment (n.) 附件、依戀；【搭配詞】 attach a file 附加檔案
attain,attain (v.) 達到、獲得；【詞性變化】 attainment (n.) 成就、達到；【搭配詞】 attain a goal 達到目標
attribute,attribute (v.) 歸因於；(n.) 特徵；【搭配詞】 attribute success to hard work 歸功於努力
authentic,authentic (adj.) 真實的、可靠的；【詞性變化】 authenticity (n.) 真實性；【搭配詞】 authentic Italian food 道地的義大利菜
available,available (adj.) 可用的、有空的；【詞性變化】 availability (n.) 可獲得性；【搭配詞】 available for sale 可販售
avert,avert (v.) 避開、防止；【搭配詞】 avert a crisis 避開危機
bankrupt,bankrupt (adj.) 破產的；(v.) 使破產；【詞性變化】 bankruptcy (n.) 破產；【搭配詞】 go bankrupt 破產
beneficial,beneficial (adj.) 有益的；【詞性變化】 benefit (n./v.) 利益、獲益；【搭配詞】 beneficial to health 對健康有益
betray,betray (v.) 背叛、洩漏；【詞性變化】 betrayal (n.) 背叛；【搭配詞】 betray a secret 洩漏秘密
bizarre,bizarre (adj.) 古怪的、奇異的；【搭配詞】 bizarre behavior 古怪的行為
boost,boost (v.) 增加、提高；(n.) 激勵；【搭配詞】 boost morale 提高士氣
breakthrough,breakthrough (n.) 突破；【搭配詞】 a major breakthrough 重大突破
calculate,calculate (v.) 計算、估計；【詞性變化】 calculation (n.) 計算；【搭配詞】 calculate the cost 計算成本
campaign,campaign (n.) 運動、戰役；(v.) 從事運動；【搭配詞】 election campaign 選舉活動
capacity,capacity (n.) 容量、能力；【詞性變化】 capable (adj.) 有能力的；【搭配詞】 full capacity 滿載
casualty,casualty (n.) 傷亡人數、受害者；【搭配詞】 heavy casualties 慘重傷亡
catastrophe,catastrophe (n.) 大災難、慘敗；【詞性變化】 catastrophic (adj.) 災難性的；【搭配詞】 natural catastrophe 自然災害
caution,caution (n.) 謹慎、警告；(v.) 告誡；【詞性變化】 cautious (adj.) 謹慎的；【搭配詞】 use caution 謹慎行事
celebrity,celebrity (n.) 名人、名聲；【搭配詞】 TV celebrity 電視名人
chaos,chaos (n.) 混亂；【詞性變化】 chaotic (adj.) 混亂的；【搭配詞】 utter chaos 極度混亂
charity,charity (n.) 慈善、仁慈；【詞性變化】 charitable (adj.) 慈善的；【搭配詞】 charity organization 慈善機構
chronic,chronic (adj.) 長期的、慢性的；【搭配詞】 chronic disease 慢性病
circulate,circulate (v.) 循環、流傳；【詞性變化】 circulation (n.) 循環、發行量；【搭配詞】 blood circulation 血液循環
circumstance,circumstance (n.) 情況、環境；【搭配詞】 under the circumstances 在這種情況下
clarify,clarify (v.) 澄清、解釋；【詞性變化】 clarification (n.) 澄清；【搭配詞】 clarify a point 澄清一點
cognitive,cognitive (adj.) 認知的；【詞性變化】 cognition (n.) 認知；【搭配詞】 cognitive development 認知發展
coincidence,coincidence (n.) 巧合；【詞性變化】 coincidental (adj.) 巧合的；【搭配詞】 a mere coincidence 純屬巧合
collaborate,collaborate (v.) 合作、通敵；【詞性變化】 collaboration (n.) 合作；【搭配詞】 collaborate with sb 與某人合作
collapse,collapse (v./n.) 倒塌、崩潰；【搭配詞】 economic collapse 經濟崩潰
commitment,commitment (n.) 承諾、奉獻；【詞性變化】 commit (v.) 犯(罪)、承諾；【搭配詞】 make a commitment 做出承諾
commute,commute (v.) 通勤、減刑；【詞性變化】 commuter (n.) 通勤者；【搭配詞】 commute to work 通勤上班
compensate,compensate (v.) 補償、賠償；【詞性變化】 compensation (n.) 補償；【搭配詞】 compensate for losses 補償損失
competence,competence (n.) 能力、勝任；【詞性變化】 competent (adj.) 有能力的；【搭配詞】 professional competence 專業能力
complicate,complicate (v.) 使複雜；【詞性變化】 complicated (adj.) 複雜的；【搭配詞】 complicate the issue 使問題複雜化
compromise,compromise (v./n.) 妥協、讓步；【搭配詞】 reach a compromise 達成妥協
conceal,conceal (v.) 隱藏、隱瞞；【詞性變化】 concealment (n.) 隱藏；【搭配詞】 conceal the truth 隱瞞真相
concentrate,concentrate (v.) 集中、專注；【詞性變化】 concentration (n.) 專注、濃度；【搭配詞】 concentrate on study 專注於學習
conflict,conflict (n./v.) 衝突、矛盾；【搭配詞】 conflict of interest 利益衝突
conquer,conquer (v.) 征服、克服；【詞性變化】 conquest (n.) 征服；【搭配詞】 conquer a habit 克服習慣
conscious,conscious (adj.) 有意識的、神志清醒的；【詞性變化】 consciousness (n.) 意識；【搭配詞】 be conscious of 意識到...
consequence,consequence (n.) 後果、結果；【詞性變化】 consequent (adj.) 隨之而來的；【搭配詞】 accept the consequences 承擔後果
consequent,"consequent (adj.) 隨之發生的、由此引起的
【詞性變化】
consequently (adv.) 因此、所以
【搭配詞】
consequent upon (隨…而發生的)"
conservation,"conservation (n.) (資源、自然環境)保護、保育
【詞性變化】
conserve (v.) 保存、節省
【搭配詞】
wildlife conservation (野生動物保育)"
conservative,"conservative (adj.) 保守的、傳統的
【詞性變化】
conservatively (adv.) 保守地
【搭配詞】
a conservative estimate (保守的估計)"
conserve,"conserve (v.) 保存、節能、節省
【詞性變化】
conservation (n.) 保護、保存
【搭配詞】
conserve energy (節約能源)"
consider,"consider (v.) 考慮、認爲
【詞性變化】
consideration (n.) 考慮
【搭配詞】
consider a proposal (考慮一項提議)"
considerable,"considerable (adj.) 相當大的、相當多的
【詞性變化】
considerably (adv.) 相當地、非常地
【搭配詞】
a considerable amount of time (相當長的時間)"
considerate,"considerate (adj.) 體貼的、周到的
【詞性變化】
consideration (n.) 體貼、考慮
【搭配詞】
be considerate of others (對他人體貼)"
consideration,"consideration (n.) 考慮、補償、體貼
【詞性變化】
consider (v.) 考慮
【搭配詞】
take into consideration (列入考慮)"
consist,"consist (v.) 組成、構成
【詞性變化】
consistent (adj.) 一致的
【搭配詞】
consist of (由…組成)"
consistent,"consistent (adj.) 一致的、連貫的
【詞性變化】
consistency (n.) 一致性
【搭配詞】
be consistent with (與…一致)"
consolation,"consolation (n.) 安慰、慰藉
【詞性變化】
console (v.) 安慰
【搭配詞】
a consolation prize (安慰獎)"
console,"console (v.) 安慰、安撫
【詞性變化】
consolation (n.) 安慰
【搭配詞】
console a friend (安慰朋友)"
conspiracy,"conspiracy (n.) 陰謀、共謀
【詞性變化】
conspire (v.) 密謀
【搭配詞】
a conspiracy theory (陰謀論)"
constant,"constant (adj.) 恆久的、持續不斷的
【詞性變化】
constantly (adv.) 不斷地
【搭配詞】
constant noise (持續的噪音)"
constitute,"constitute (v.) 構成、組成、制定(法律)
【詞性變化】
constitution (n.) 憲法、構成
【搭配詞】
constitute a threat (構成威脅)"
constitution,"constitution (n.) 憲法、體質、構成
【詞性變化】
constitutional (adj.) 憲法的
【搭配詞】
the Constitution of the ROC (中華民國憲法)"
constraint,"constraint (n.) 約束、限制
【詞性變化】
constrain (v.) 強制、束縛
【搭配詞】
budget constraints (預算限制)"
construct,"construct (v.) 建造、構成
【詞性變化】
construction (n.) 建造
【搭配詞】
construct a building (建造建築物)"
construction,"construction (n.) 建造、工程、施工
【詞性變化】
constructive (adj.) 有建設性的
【搭配詞】
under construction (施工中)"
constructive,"constructive (adj.) 建設性的、有助益的
【詞性變化】
construction (n.) 建造
【搭配詞】
constructive criticism (建設性的批評)"
consult,"consult (v.) 諮詢、商議、查閱
【詞性變化】
consultant (n.) 顧問
【搭配詞】
consult a doctor (看醫生/諮詢醫生)"
consultant,"consultant (n.) 顧問、諮詢者
【詞性變化】
consultation (n.) 諮詢
【搭配詞】
a legal consultant (法律顧問)"
consume,"consume (v.) 消耗、消費、吃喝
【詞性變化】
consumer (n.) 消費者
【搭配詞】
consume resources (消耗資源)"
consumer,"consumer (n.) 消費者
【詞性變化】
consumption (n.) 消耗
【搭配詞】
consumer protection (消費者保護)"
consumption,"consumption (n.) 消耗(量)、消費、肺結核
【詞性變化】
consume (v.) 消耗
【搭配詞】
energy consumption (能量消耗)"
contact,"contact (n./v.) 接觸、聯繫
【詞性變化】
contact (v.) 與…聯繫
【搭配詞】
keep in contact with (與…保持聯繫)"
contain,"contain (v.) 包含、容納、遏制
【詞性變化】
container (n.) 容器
【搭配詞】
contain many nutrients (富含多種營養)"
container,"container (n.) 容器、貨櫃
【詞性變化】
contain (v.) 包含
【搭配詞】
a shipping container (貨櫃)"
contaminate,"contaminate (v.) 污染、弄髒
【詞性變化】
contamination (n.) 污染
【搭配詞】
contaminated water (受污染的水)"
contemporary,"contemporary (adj.) 當代的、同時代的
【詞性變化】
contemporary (n.) 同時代的人
【搭配詞】
contemporary art (當代藝術)"
content,"content (n./adj.) 內容、含量；滿足的
【詞性變化】
contentment (n.) 滿足
【搭配詞】
table of contents (目錄)"
contest,"contest (n./v.) 比賽、競爭
【詞性變化】
contestant (n.) 參賽者
【搭配詞】
a speech contest (演講比賽)"
context,"context (n.) 上下文、背景
【詞性變化】
contextual (adj.) 背景的
【搭配詞】
in the context of (在…的背景下)"
continent,"continent (n.) 洲、大陸
【詞性變化】
continental (adj.) 大陸的
【搭配詞】
the Asian continent (亞洲大陸)"
continue,"continue (v.) 繼續、延伸
【詞性變化】
continuous (adj.) 連續的
【搭配詞】
continue to study (繼續學習)"
continuity,"continuity (n.) 連貫性、連續性
【詞性變化】
continue (v.) 繼續
【搭配詞】
ensure continuity (確保連貫性)"
continuous,"continuous (adj.) 連續不斷的、持續的
【詞性變化】
continuously (adv.) 不斷地
【搭配詞】
a continuous process (持續的過程)"
contract,"contract (n./v.) 契約、合同；收縮、感染
【詞性變化】
contraction (n.) 收縮
【搭配詞】
sign a contract (簽署合約)"
contradict,"contradict (v.) 與…矛盾、反駁
【詞性變化】
contradiction (n.) 矛盾
【搭配詞】
contradict each other (互相矛盾)"
contrary,"contrary (n./adj.) 相反、反面；相反的
【詞性變化】
contrarily (adv.) 相反地
【搭配詞】
on the contrary (相反地)"
contrast,"contrast (n./v.) 對比、對照
【詞性變化】
contrast (v.) 形成對照
【搭配詞】
in contrast to (與…相比)"
contribute,"contribute (v.) 貢獻、助長、投搞
【詞性變化】
contribution (n.) 貢獻
【搭配詞】
contribute to (促成、貢獻於)"
contribution,"contribution (n.) 貢獻、捐助
【詞性變化】
contributor (n.) 貢獻者、投稿人
【搭配詞】
make a contribution to (對…做出貢獻)"
control,"control (n./v.) 控制、管理
【詞性變化】
controller (n.) 管理器、控制者
【搭配詞】
under control (在控制中)"
controversy,"controversy (n.) 爭議、辯論
【詞性變化】
controversial (adj.) 有爭議的
【搭配詞】
cause controversy (引起爭議)"
convenience,"convenience (n.) 方便、便利設施
【詞性變化】
convenient (adj.) 方便的
【搭配詞】
a convenience store (便利商店)"
convenient,"convenient (adj.) 方便的、合適的
【詞性變化】
convenience (n.) 方便
【搭配詞】
at your convenience (在您方便之時)"
conversation,"conversation (n.) 對話、交談
【詞性變化】
conversational (adj.) 會話的
【搭配詞】
have a conversation (進行交談)"
converse,"converse (v.) 交談、對談
【詞性變化】
conversation (n.) 談話
【搭配詞】
converse with someone (與某人談話)"
convert,"convert (v.) 轉換、改變信仰
【詞性變化】
conversion (n.) 轉換
【搭配詞】
convert currency (兌換貨幣)"
convey,"convey (v.) 傳達、運輸
【詞性變化】
conveyance (n.) 輸送
【搭配詞】
convey a message (傳達訊息)"
convict,"convict (v./n.) 判罪、宣判有罪；囚犯
【詞性變化】
conviction (n.) 定罪、信念
【搭配詞】
be convicted of murder (被判謀殺罪)"
convince,"convince (v.) 說服、使確信
【詞性變化】
convincing (adj.) 有說服力的
【搭配詞】
convince someone of something (使某人確信某事)"
cook,"cook (v./n.) 烹飪、煮；廚師
【詞性變化】
cooker (n.) 炊具
【搭配詞】
cook dinner (煮晚餐)"
cookie,"cookie (n.) 餅乾
【搭配詞】
chocolate chip cookies (巧克力脆片餅乾)"
cool,"cool (adj./v.) 涼爽的、酷的；變涼
【詞性變化】
coolant (n.) 冷卻劑
【搭配詞】
keep cool (保持冷靜)"
cooperate,"cooperate (v.) 合作、協力
【詞性變化】
cooperation (n.) 合作
【搭配詞】
cooperate with others (與他人合作)"
cooperation,"cooperation (n.) 合作、協助
【詞性變化】
cooperative (adj.) 合作的
【搭配詞】
in cooperation with (與…合作)"
coordinate,"coordinate (v.) 協調、調節
【詞性變化】
coordination (n.) 協調
【搭配詞】
coordinate the project (協調該項目)"
cope,"cope (v.) 對付、應付
【搭配詞】
cope with stress (應付壓力)"
copy,"copy (n./v.) 副本、複製品；複製、抄襲
【詞性變化】
copier (n.) 影印機
【搭配詞】
make a copy (影印一份)"
copyright,"copyright (n.) 版權、著作權
【搭配詞】
copyright law (著作權法)"
core,"core (n.) 核心、果核
【搭配詞】
the core of the problem (問題的核心)"
corn,"corn (n.) 玉米、穀物
【搭配詞】
corn on the cob (整穗的玉米)"
corner,"corner (n.) 角落、轉角
【搭配詞】
around the corner (在轉角處、即將到來)"
corporate,"corporate (adj.) 公司的、法人的、共同的
【詞性變化】
corporation (n.) 公司
【搭配詞】
corporate culture (企業文化)"
corporation,"corporation (n.) 大公司、法人
【搭配詞】
a multinational corporation (跨國企業)"
correct,"correct (adj./v.) 正確的；糾正、修改
【詞性變化】
correction (n.) 糾正
【搭配詞】
correct errors (糾正錯誤)"
correspond,"correspond (v.) 符合、通信、對應
【詞性變化】
correspondent (n.) 通訊員、記者
【搭配詞】
correspond with (與…通信/符合)"
correspondence,"correspondence (n.) 通信、一致、信件
【詞性變化】
correspond (v.) 通信
【搭配詞】
business correspondence (商業書信)"
corrupt,"corrupt (adj./v.) 貪污的、腐敗的；賄賂
【詞性變化】
corruption (n.) 腐敗、貪汙
【搭配詞】
a corrupt official (貪官)"
cosmetic,"cosmetic (adj./n.) 化妝的、美容的；化妝品
【搭配詞】
cosmetic surgery (整形手術)"
cost,"cost (n./v.) 成本、代價；花費、使付出代價
【詞性變化】
costly (adj.) 昂貴的
【搭配詞】
at any cost (不計代價)"
costume,"costume (n.) 戲服、套裝
【搭配詞】
a Halloween costume (萬聖節服裝)"
cotton,"cotton (n.) 棉花、棉布
【搭配詞】
a cotton shirt (棉衫)"
couch,"couch (n.) 長沙發
【搭配詞】
a couch potato (整天躺在沙發看電視的人)"
cough,"cough (v./n.) 咳嗽
【搭配詞】
a bad cough (嚴重的咳嗽)"
council,"council (n.) 委員會、地方議會
【搭配詞】
a city council (市議會)"
counsel,"counsel (n./v.) 建議、顧問、法律顧問；諮詢、建議
【詞性變化】
counselor (n.) 顧問、諮詢師
【搭配詞】
provide counsel (提供建議)"
count,"count (v./n.) 計算、計數、依賴
【詞性變化】
countable (adj.) 可數的
【搭配詞】
count on someone (依賴某人)"
counter,"counter (n./v./adv.) 櫃檯、計數器；反對；反方向地
【搭配詞】
over the counter (成藥、櫃檯買賣)"
country,"country (n.) 國家、鄉下
【搭配詞】
in the country (在鄉下)"
countryside,"countryside (n.) 鄉間、農村
【搭配詞】
peaceful countryside (寧靜的鄉間)"
county,"county (n.) 郡、縣
【搭配詞】
Taipei County (舊稱臺北縣)"
couple,"couple (n.) 一對、夫婦、幾個
【搭配詞】
a couple of (幾個、一雙)"
coupon,"coupon (n.) 折價券、優待券
【搭配詞】
a discount coupon (折價券)"
courage,"courage (n.) 勇氣
【詞性變化】
courageous (adj.) 勇敢的
【搭配詞】
have the courage to (有勇氣去做…)"
courageous,"courageous (adj.) 勇敢的、無畏的
【詞性變化】
courage (n.) 勇氣
【搭配詞】
a courageous act (勇敢的行為)"
course,"course (n.) 課程、進展、一道菜
【搭配詞】
of course (當然)"
court,"court (n.) 法院、球場、庭院
【搭配詞】
take someone to court (控告某人)"
courteous,"courteous (adj.) 有禮貌的、謙恭的
【詞性變化】
courtesy (n.) 禮貌
【搭配詞】
be courteous to (對…有禮貌)"
cousin,"cousin (n.) 堂(表)兄弟姊妹
【搭配詞】
a first cousin (親堂/表兄弟姊妹)"
cover,"cover (v./n.) 覆蓋、涵蓋、報導；封面
【詞性變化】
coverage (n.) 新聞報導、保險範圍
【搭配詞】
cover the cost (負擔費用)"
cow,"cow (n.) 母牛、乳牛
【搭配詞】
milk a cow (擠牛奶)"
coward,"coward (n.) 懦夫、膽怯者
【詞性變化】
cowardly (adj.) 膽小的
【搭配詞】
be a coward (是個膽小鬼)"
cowboy,"cowboy (n.) 牛仔
【搭配詞】
American cowboy (美國牛仔)"
cozy,"cozy (adj.) 溫馨舒適的
【搭配詞】
a cozy living room (溫馨舒適的客廳)"
crab,"crab (n.) 螃蟹
【搭配詞】
crab meat (蟹肉)"
crack,"crack (n./v.) 裂縫、爆裂聲；使破裂
【搭配詞】
a crack in the wall (牆上的裂縫)"
craft,"craft (n.) 工藝、技巧、船/飛機
【搭配詞】
handicrafts (手工藝品)"
cram,"cram (v.) 塞滿、死記硬背
【搭配詞】
cram school (補習班)"
crash,"crash (n./v.) 墜毀、碰撞、當機
【搭配詞】
a car crash (車禍)"
crawl,"crawl (v./n.) 爬行、蠕動
【搭配詞】
a baby crawling (爬行的嬰兒)"
crazy,"crazy (adj.) 瘋狂的、著迷的
【搭配詞】
drive someone crazy (讓某人發瘋)"
cream,"cream (n.) 奶油、乳霜
【搭配詞】
ice cream (冰淇淋)"
create,"create (v.) 創造、設計
【詞性變化】
creation (n.) 創造物
【搭配詞】
create a masterpiece (創造傑作)"
creation,"creation (n.) 創造、創作品
【詞性變化】
creative (adj.) 有創造力的
【搭配詞】
the creation of the world (世界的創造)"
creative,"creative (adj.) 有創造力的
【詞性變化】
creativity (n.) 創造力
【搭配詞】
creative thinking (創造性思考)"
creature,"creature (n.) 生物、動物
【搭配詞】
a sea creature (海洋生物)"
credit,"credit (n./v.) 信用、學分；歸功於
【搭配詞】
credit card (信用卡)"
crew,"crew (n.) 全體工作人員(船、飛機、電影)
【搭配詞】
a cabin crew (機組人員)"
crime,"crime (n.) 犯罪、罪行
【詞性變化】
criminal (n./adj.) 罪犯；犯罪的
【搭配詞】
commit a crime (犯罪)"
criminal,"criminal (n./adj.) 罪犯；犯罪的、刑事的
【詞性變化】
crime (n.) 罪行
【搭配詞】
a criminal record (前科、犯罪紀錄)"
crisis,"crisis (n.) 危機
【搭配詞】
economic crisis (經濟危機)"
critic,"critic (n.) 評論家、批評者
【詞性變化】
criticize (v.) 批評
【搭配詞】
a film critic (影評人)"
critical,"critical (adj.) 批評的、關鍵的、嚴重的
【詞性變化】
criticism (n.) 批評
【搭配詞】
be critical of (對…感到不滿/批評)"
criticism,"criticism (n.) 批評、評論
【詞性變化】
criticize (v.) 批評
【搭配詞】
constructive criticism (建設性的批評)"
criticize,"criticize (v.) 批評、指責
【詞性變化】
critic (n.) 評論家
【搭配詞】
criticize someone for (因某事批評某人)"
crop,"crop (n.) 農作物、收成
【搭配詞】
crop failure (歉收)"
cross,"cross (v./n.) 越過、穿過；十字架、交叉
【詞性變化】
crossing (n.) 平交道、交叉口
【搭配詞】
cross the street (過馬路)"
crowd,"crowd (n./v.) 群眾；擠滿、聚集
【詞性變化】
crowded (adj.) 擁擠的
【搭配詞】
a large crowd of people (一大群人)"
crown,"crown (n./v.) 王冠；加冕
【搭配詞】
the royal crown (皇冠)"
crucial,"crucial (adj.) 關鍵性的、至關重要的
【搭配詞】
play a crucial role (扮演關鍵角色)"
cruel,"cruel (adj.) 殘酷的、慘忍的
【詞性變化】
cruelty (n.) 殘酷
【搭配詞】
be cruel to animals (虐待動物)"
cruise,"cruise (n./v.) 郵輪之旅、巡航
【搭配詞】
a cruise ship (郵輪)"
crush,"crush (v./n.) 壓碎、壓扁；迷戀
【搭配詞】
have a crush on (暗戀)"
cry,"cry (v./n.) 哭泣、喊叫
【搭配詞】
cry for help (呼救)"
crystal,"crystal (n./adj.) 水晶、結晶體；清澈的
【搭配詞】
crystal clear (非常清澈的)"
cultivate,"cultivate (v.) 耕種、培養、陶冶
【詞性變化】
cultivation (n.) 耕作、培育
【搭配詞】
cultivate a habit (養成習慣)"
cultural,"cultural (adj.) 文化的
【詞性變化】
culture (n.) 文化
【搭配詞】
cultural heritage (文化遺產)"
culture,"culture (n.) 文化、教養
【詞性變化】
cultural (adj.) 文化的
【搭配詞】
pop culture (流行文化)"
curious,"curious (adj.) 好奇的
【詞性變化】
curiosity (n.) 好奇心
【搭配詞】
be curious about (對…感到好奇)"
current,"current (adj./n.) 現行的、目前的；流動、水流
【詞性變化】
currently (adv.) 目前
【搭配詞】
current events (時事)"
custom,"custom (n.) 習俗、海關(複數)
【詞性變化】
customer (n.) 顧客
【搭配詞】
local customs (當地習俗)"
customer,"customer (n.) 顧客、客戶
【搭配詞】
customer service (客服)"
cut,"cut (v./n.) 切、割、削減
【搭配詞】
cut the cost (削減成本)"
cute,"cute (adj.) 可愛多、伶俐的
【搭配詞】
a cute baby (可愛的嬰兒)"
cycle,"cycle (n./v.) 週期、循環；騎自行車
【詞性變化】
cyclist (n.) 騎自行車的人
【搭配詞】
the water cycle (水循環)"
daily,"daily (adj./adv./n.) 每日的；每日地；日報
【搭配詞】
daily routine (日常例行公事)"
damage,"damage (n./v.) 損害、受損
【搭配詞】
cause damage to (對…造成損害)"
damp,"damp (adj.) 潮濕的
【搭配詞】
damp weather (潮濕的天氣)"
dance,"dance (v./n.) 跳舞、舞蹈
【詞性變化】
dancer (n.) 舞者
【搭配詞】
go dancing (去跳舞)"
danger,"danger (n.) 危險
【詞性變化】
dangerous (adj.) 危險的
【搭配詞】
in danger (在危險中)"
dangerous,"dangerous (adj.) 危險的
【詞性變化】
danger (n.) 危險
【搭配詞】
a dangerous situation (危險的情況)"
dare,"dare (v./aux.) 敢於、竟敢
【搭配詞】
How dare you! (你竟敢！)"
dark,"dark (adj./n.) 黑暗的、深色的；黑暗
【詞性變化】
darkness (n.) 黑暗
【搭配詞】
dark chocolate (黑巧克力)"
data,"data (n.) 資料、數據
【搭配詞】
data analysis (資料分析)"
date,"date (n./v.) 日期、約會；約會、溯源自
【搭配詞】
out of date (過時的)"
daughter,"daughter (n.) 女兒
【搭配詞】
daughter-in-law (兒媳)"
dawn,"dawn (n./v.) 黎明、開端；破曉
【搭配詞】
from dawn to dusk (從早到晚)"
dead,"dead (adj.) 死的、枯死的
【詞性變化】
death (n.) 死亡
【搭配詞】
dead battery (沒電的電池)"
deadline,"deadline (n.) 截止日期、期限
【搭配詞】
meet the deadline (趕上截止期限)"
deadly,"deadly (adj.) 致命的、枯燥的
【搭配詞】
a deadly weapon (致命武器)"
deaf,"deaf (adj.) 聾的、充耳不聞的
【搭配詞】
go deaf (變聾)"
deal,"deal (v./n.) 處理、交易、分發；交易
【詞性變化】
dealer (n.) 商人、經銷商
【搭配詞】
deal with a problem (處理問題)"
death,"death (n.) 死亡
【詞性變化】
dead (adj.) 死的
【搭配詞】
death penalty (死刑)"
debate,"debate (n./v.) 辯論、討論
【搭配詞】
a public debate (公開辯論)"
debt,"debt (n.) 債務、恩惠
【詞性變化】
debtor (n.) 債務人
【搭配詞】
in debt (負債)"
decade,"decade (n.) 十年
【搭配詞】
over the past decade (在過去十年間)"
decay,"decay (v./n.) 腐爛、衰退
【搭配詞】
tooth decay (齲齒、蛀牙)"
deceive,"deceive (v.) 欺騙、矇騙
【詞性變化】
deception (n.) 欺騙
【搭配詞】
deceive someone into doing something (誘騙某人做某事)"
decent,"decent (adj.) 得體的、正派的、還不錯的
【搭配詞】
a decent job (一份體面的工作)"
decide,"decide (v.) 決定、判決
【詞性變化】
decision (n.) 決定
【搭配詞】
decide to go (決定去)"
decision,"decision (n.) 決定、判決
【詞性變化】
decisive (adj.) 果斷的、決定性的
【搭配詞】
make a decision (做決定)"
declare,"declare (v.) 宣佈、申報(納稅)
【詞性變化】
declaration (n.) 宣佈、聲明
【搭配詞】
declare war (宣戰)"
decline,"decline (v./n.) 下降、衰落、婉拒
【搭配詞】
in decline (在衰退中)"
decorate,"decorate (v.) 裝飾、粉刷
【詞性變化】
decoration (n.) 裝飾品
【搭配詞】
decorate the room (佈置房間)"
decrease,"decrease (v./n.) 減少、降低
【搭配詞】
a decrease in population (人口減少)"
dedicate,"dedicate (v.) 奉獻、致力於
【詞性變化】
dedication (n.) 奉獻、致力
【搭配詞】
dedicate one's life to (一生致力於…)"
deed,"deed (n.) 行為、契約(土地)
【搭配詞】
good deeds (善行)"
deem,"deem (v.) 認爲、視為
【搭配詞】
deem it necessary (認爲有必要)"
deep,"deep (adj./adv.) 深的；深地
【詞性變化】
deepen (v.) 加深
【搭配詞】
deep sleep (沉睡)"
deepen,"deepen (v.) 使加深、變嚴重
【搭配詞】
deepen our understanding (加深我們的理解)"
defeat,"defeat (v./n.) 打敗、戰勝；失敗
【搭配詞】
suffer a defeat (遭受挫敗)"
defend,"defend (v.) 防禦、辯護
【詞性變化】
defense (n.) 防禦
【搭配詞】
defend one's country (保家衛國)"
defense,"defense (n.) 防禦、保衛、辯護
【詞性變化】
defensive (adj.) 防衛的
【搭配詞】
self-defense (自衛)"
define,"define (v.) 下定義、解釋、界定
【詞性變化】
definition (n.) 定義
【搭配詞】
clearly define (明確界定)"
definite,"definite (adj.) 確定的、明確的
【詞性變化】
definitely (adv.) 肯定地
【搭配詞】
a definite answer (確切的答覆)"
definition,"definition (n.) 定義、清晰度
【詞性變化】
define (v.) 下定義
【搭配詞】
by definition (根據定義)"
degree,"degree (n.) 度數、程度、學位
【搭配詞】
a master's degree (碩士學位)"
delay,"delay (v./n.) 延遲、延期
【搭配詞】
without delay (不拖延地)"
delegate,"delegate (n./v.) 代表；委派(任務、權力)
【詞性變化】
delegation (n.) 代表團
【搭配詞】
delegate authority (授權)"
delicate,"delicate (adj.) 精緻的、脆弱的、微妙的
【搭配詞】
delicate skin (細緻的皮膚)"
delicious,"delicious (adj.) 美味可口的
【搭配詞】
a delicious meal (一頓美餐)"
delight,"delight (n./v.) 高興、快樂；使愉悅
【詞性變化】
delightful (adj.) 令人愉快的
【搭配詞】
with delight (欣喜地)"
deliver,"deliver (v.) 傳送、遞送、發表(演說)
【詞性變化】
delivery (n.) 遞送
【搭配詞】
deliver a speech (發表演說)"
delivery,"delivery (n.) 遞送、交付
【搭配詞】
free delivery (免運費)"
demand,"demand (v./n.) 要求、需求
【詞性變化】
demanding (adj.) 苛求的
【搭配詞】
in high demand (需求量大)"
democracy,"democracy (n.) 民主(制度)
【詞性變化】
democratic (adj.) 民主的
【搭配詞】
a model of democracy (民主典範)"
demonstrate,"demonstrate (v.) 示範、證明、示威
【詞性變化】
demonstration (n.) 示範、示威遊行
【搭配詞】
demonstrate how to use (示範如何使用)"
dense,"dense (adj.) 稠密的、濃厚的
【詞性變化】
density (n.) 密度
【搭配詞】
a dense forest (茂密的森林)"
density,"density (n.) 密度、稠密
【詞性變化】
dense (adj.) 稠密的
【搭配詞】
population density (人口密度)"
dentist,"dentist (n.) 牙醫
【搭配詞】
go to the dentist (去看牙醫)"
deny,"deny (v.) 否認、拒絕給予
【詞性變化】
denial (n.) 否認
【搭配詞】
deny the rumors (否認傳聞)"
depart,"depart (v.) 出發、離開、啟程
【詞性變化】
departure (n.) 離開、啟程
【搭配詞】
depart from the airport (從機場出發)"
department,"department (n.) 部門、(大學的)系
【搭配詞】
a department store (百貨公司)"
departure,"departure (n.) 離開、啟程、違背
【詞性變化】
depart (v.) 出發
【搭配詞】
departure gate (登機門)"
depend,"depend (v.) 依靠、依賴、視…而定
【詞性變化】
dependent (adj.) 依賴的
【搭配詞】
depend on (取決於、依賴)"
dependent,"dependent (adj./n.) 依賴的、從屬的；受撫養者
【詞性變化】
dependence (n.) 依賴
【搭配詞】
be dependent on (依賴…)"
depict,"depict (v.) 描繪、描述
【搭配詞】
depict the scene (描繪場景)"
deposit,"deposit (v.) 存款、存放 (n.) 存款、押金
【詞性變化】
depositor (n.) 存款人
【搭配詞】
make a deposit 存款"
depression,"depression (n.) 憂鬱症、蕭條、沮喪
【詞性變化】
depress (v.) 使沮喪
【搭配詞】
economic depression 經濟大蕭條"
depth,"depth (n.) 深度、深處
【詞性變化】
deepen (v.) 加深
【搭配詞】
in depth 深入地"
describe,"describe (v.) 描述、描寫
【詞性變化】
description (n.) 描述
【搭配詞】
describe a scene 描述場景"
description,"description (n.) 描述、形容
【詞性變化】
descriptive (adj.) 描述的
【搭配詞】
beyond description 難以言喻"
desert,"desert (n.) 沙漠 (v.) 拋棄、遺棄
【詞性變化】
deserted (adj.) 荒廢的
【搭配詞】
sahara desert 撒哈拉沙漠"
deserve,"deserve (v.) 應得、值得
【詞性變化】
deservedly (adv.) 應得地
【搭配詞】
deserve a reward 應得獎賞"
design,"design (v.) 設計 (n.) 設計、圖案
【詞性變化】
designer (n.) 設計師
【搭配詞】
fashion design 服裝設計"
designer,"designer (n.) 設計師
【詞性變化】
design (v.) 設計
【搭配詞】
graphic designer 平面設計師"
desirable,"desirable (adj.) 值得擁有的、令人滿意的
【詞性變化】
desire (n./v.) 渴望
【搭配詞】
a desirable outcome 理想的結果"
desire,"desire (v.) 渴望 (n.) 欲望、渴望
【詞性變化】
desirous (adj.) 渴望的
【搭配詞】
have a strong desire to... 強烈渴望..."
despair,"despair (n.) 絕望 (v.) 絕望、喪失信心
【詞性變化】
desperate (adj.) 絕望的
【搭配詞】
in despair 絕望地"
desperate,"desperate (adj.) 拼命的、不顧一切的、絕望的
【詞性變化】
desperately (adv.) 拼命地
【搭配詞】
be desperate for help 渴望求援"
despite,"despite (prep.) 儘管、雖然
【搭配詞】
despite the rain 儘管下雨"
dessert,"dessert (n.) 甜點
【搭配詞】
serve dessert 供應甜點"
destination,"destination (n.) 目的地
【搭配詞】
tourist destination 觀光勝地"
destiny,"destiny (n.) 命運
【詞性變化】
destined (adj.) 命中注定的
【搭配詞】
control one's destiny 掌控命運"
destroy,"destroy (v.) 破壞、摧毀
【詞性變化】
destruction (n.) 毀滅
【搭配詞】
destroy the environment 破壞環境"
destruction,"destruction (n.) 破壞、毀滅
【詞性變化】
destructive (adj.) 破壞性的
【搭配詞】
weapons of mass destruction 大規模殺傷性武器"
detail,"detail (n.) 細節 (v.) 詳述
【詞性變化】
detailed (adj.) 詳細的
【搭配詞】
in detail 詳細地"
detect,"detect (v.) 偵測、發覺
【詞性變化】
detection (n.) 偵查
【搭配詞】
detect a lie 偵測謊言"
detective,"detective (n.) 偵探
【搭配詞】
detective story 偵探小說"
determination,"determination (n.) 決心
【詞性變化】
determine (v.) 下定決心
【搭配詞】
with great determination 帶著極大的決心"
determine,"determine (v.) 決定、確定
【詞性變化】
determined (adj.) 有決心的
【搭配詞】
determine the cause 確定原因"
development,"development (n.) 發展
【詞性變化】
develop (v.) 發展
【搭配詞】
sustainable development 永續發展"
device,"device (n.) 裝置、設備
【搭配詞】
electronic device 電子裝置"
devil,"devil (n.) 惡魔
【詞性變化】
devilish (adj.) 惡魔般的
【搭配詞】
speak of the devil 說到曹操，曹操就到"
devote,"devote (v.) 奉獻、致力於
【詞性變化】
devotion (n.) 奉獻
【搭配詞】
devote one's life to... 獻身於..."
devotion,"devotion (n.) 奉獻、忠誠
【詞性變化】
devote (v.) 奉獻
【搭配詞】
religious devotion 宗教虔誠"
diagnosis,"diagnosis (n.) 診斷
【詞性變化】
diagnose (v.) 診斷
【搭配詞】
medical diagnosis 醫療診斷"
diagram,"diagram (n.) 圖解、圖表
【搭配詞】
draw a diagram 畫圖表"
dial,"dial (v.) 撥號 (n.) 轉盤
【搭配詞】
dial a number 撥號"
dialect,"dialect (n.) 方言
【搭配詞】
local dialect 地方方言"
dialogue,"dialogue (n.) 對話
【搭配詞】
constructive dialogue 建設性對話"
diamond,"diamond (n.) 鑽石
【搭配詞】
diamond ring 鑽戒"
dictionary,"dictionary (n.) 字典
【搭配詞】
look up a word in the dictionary 在字典查單字"
diet,"diet (n.) 飲食 (v.) 節食
【詞性變化】
dietary (adj.) 飲食的
【搭配詞】
go on a diet 節食"
difference,"difference (n.) 差異、差別
【詞性變化】
different (adj.) 不同的
【搭配詞】
tell the difference 分辨差異"
different,"different (adj.) 不同的
【詞性變化】
differ (v.) 不同
【搭配詞】
be different from 與...不同"
difficult,"difficult (adj.) 困難的
【詞性變化】
difficulty (n.) 困難
【搭配詞】
a difficult task 困難的任務"
difficulty,"difficulty (n.) 困難、難度
【詞性變化】
difficult (adj.) 困難的
【搭配詞】
with difficulty 困難地"
dig,"dig (v.) 挖掘
【搭配詞】
dig a hole 挖洞"
digest,"digest (v.) 消化 (n.) 摘要
【詞性變化】
digestion (n.) 消化
【搭配詞】
easy to digest 容易消化"
digital,"digital (adj.) 數位的
【搭配詞】
digital camera 數位相機"
dignity,"dignity (n.) 尊嚴
【詞性變化】
dignified (adj.) 有尊嚴的
【搭配詞】
keep one's dignity 保持尊嚴"
diligence,"diligence (n.) 勤勉、勤奮
【詞性變化】
diligent (adj.) 勤勉的
【搭配詞】
with diligence 勤奮地"
diligent,"diligent (adj.) 勤勉的
【詞性變化】
diligence (n.) 勤勉
【搭配詞】
a diligent student 勤勉的學生"
dim,"dim (adj.) 微暗的、模糊的
【搭配詞】
dim light 微光"
dime,"dime (n.) (美金)一角硬幣
【搭配詞】
a dime a dozen 多得不稀罕"
dimension,"dimension (n.) 維度、尺寸、層面
【詞性變化】
dimensional (adj.) 維度的
【搭配詞】
the third dimension 三維空間"
diminish,"diminish (v.) 減少、縮減
【搭配詞】
diminish the importance 降低重要性"
dine,"dine (v.) 進餐
【詞性變化】
dinner (n.) 晚餐
【搭配詞】
dine out 外出用餐"
dinner,"dinner (n.) 晚餐、晚宴
【搭配詞】
have dinner 用晚餐"
dinosaur,"dinosaur (n.) 恐龍
【搭配詞】
extinct dinosaur 絕種的恐龍"
dip,"dip (v.) 浸、蘸
【搭配詞】
dip bread into soup 把麵包浸入湯裡"
diploma,"diploma (n.) 文憑、畢業證書
【搭配詞】
high school diploma 高中畢業證書"
diplomat,"diplomat (n.) 外交官
【詞性變化】
diplomacy (n.) 外交
【搭配詞】
a career diplomat 職業外交官"
direct,"direct (adj.) 直接的 (v.) 指導、導演
【詞性變化】
directly (adv.) 直接地
【搭配詞】
direct contact 直接接觸"
direction,"direction (n.) 方向、指示
【詞性變化】
direct (v.) 指引
【搭配詞】
in all directions 向四面八方"
director,"director (n.) 導演、主管、董事
【詞性變化】
direct (v.) 執導
【搭配詞】
movie director 電影導演"
dirt,"dirt (n.) 汙垢、泥土
【詞性變化】
dirty (adj.) 髒的
【搭配詞】
covered in dirt 沾滿汙垢"
dirty,"dirty (adj.) 骯髒的
【詞性變化】
dirt (n.) 髒物
【搭配詞】
dirty dishes 髒碟子"
disability,"disability (n.) 殘障、無能力
【詞性變化】
disabled (adj.) 殘障的
【搭配詞】
learning disability 學習障礙"
disadvantage,"disadvantage (n.) 缺點、不利因素
【詞性變化】
disadvantageous (adj.) 不利的
【搭配詞】
at a disadvantage 處於劣勢"
disagree,"disagree (v.) 不同意
【詞性變化】
disagreement (n.) 不同意
【搭配詞】
disagree with someone 與某人意見不合"
disappearance,"disappearance (n.) 消失
【詞性變化】
disappear (v.) 消失
【搭配詞】
mysterious disappearance 神秘失蹤"
disappear,"disappear (v.) 消失、不見
【詞性變化】
disappearance (n.) 消失
【搭配詞】
disappear from sight 從視線中消失"
disappointment,"disappointment (n.) 失望、掃興的人或事
【詞性變化】
disappoint (v.) 使失望
【搭配詞】
to one's disappointment 令某人失望的是"
disappoint,"disappoint (v.) 使失望
【詞性變化】
disappointing (adj.) 令人失望的
【搭配詞】
disappoint the fans 讓粉絲失望"
disaster,"disaster (n.) 災難、災害
【詞性變化】
disastrous (adj.) 災難性的
【搭配詞】
natural disaster 自然災害"
discount,"discount (n.) 折扣 (v.) 打折
【搭配詞】
give a discount 給予折扣"
discourage,"discourage (v.) 使沮喪、勸阻
【詞性變化】
discouragement (n.) 沮喪
【搭配詞】
discourage someone from doing something 勸阻某人做某事"
discovery,"discovery (n.) 發現
【詞性變化】
discover (v.) 發現
【搭配詞】
make a discovery 有所發現"
discover,"discover (v.) 發現、發覺
【詞性變化】
discovery (n.) 發現
【搭配詞】
discover a secret 發現秘密"
discussion,"discussion (n.) 討論
【詞性變化】
discuss (v.) 討論
【搭配詞】
under discussion 正在討論中"
discuss,"discuss (v.) 討論
【詞性變化】
discussion (n.) 討論
【搭配詞】
discuss the plan 討論計畫"
disease,"disease (n.) 疾病
【詞性變化】
diseased (adj.) 患病的
【搭配詞】
heart disease 心臟病"
disguise,"disguise (v.) 偽裝、掩飾 (n.) 偽裝
【搭配詞】
in disguise 偽裝著"
disgust,"disgust (n.) 厭惡 (v.) 使厭惡
【詞性變化】
disgusting (adj.) 令人厭惡的
【搭配詞】
in disgust 厭惡地"
dish,"dish (n.) 盤子、菜餚
【搭配詞】
wash the dishes 洗碗"
dishonest,"dishonest (adj.) 不誠實的
【詞性變化】
dishonesty (n.) 不誠實
【搭配詞】
a dishonest person 不誠實的人"
dislike,"dislike (v.) 不喜歡 (n.) 厭惡
【搭配詞】
have a dislike for... 厭惡..."
dismiss,"dismiss (v.) 解雇、解散、駁回
【詞性變化】
dismissal (n.) 解雇
【搭配詞】
dismiss the class 下課"
disorder,"disorder (n.) 混亂、失調、疾病
【搭配詞】
eating disorder 飲食失調"
display,"display (n./v.) 展示、陳列、顯示
【搭配詞】
on display 展示中"
disposable,"disposable (adj.) 一次性的、可支配的
【搭配詞】
disposable chopsticks 免洗筷"
distance,"distance (n.) 距離
【詞性變化】
distant (adj.) 遙遠的
【搭配詞】
in the distance 在遠處"
distant,"distant (adj.) 遙遠的、疏遠的
【詞性變化】
distance (n.) 距離
【搭配詞】
the distant future 遙遠的未來"
distinct,"distinct (adj.) 明顯的、截然不同的
【詞性變化】
distinctive (adj.) 特殊的、有特色的
【搭配詞】
a distinct smell 明顯的氣味"
distinguish,"distinguish (v.) 區別、辨別
【詞性變化】
distinguishable (adj.) 可分辨的
【搭配詞】
distinguish between A and B 區分A與B"
distract,"distract (v.) 使分心、分散注意力
【詞性變化】
distraction (n.) 分心的事物
【搭配詞】
distract someone from... 使某人從...分心"
distribution,"distribution (n.) 分配、分佈、發行
【詞性變化】
distribute (v.) 分發
【搭配詞】
income distribution 所得分配"
distribute,"distribute (v.) 分發、分配
【詞性變化】
distribution (n.) 分配
【搭配詞】
distribute flyers 發傳單"
district,"district (n.) 地區、區域
【搭配詞】
business district 商業區"
disturb,"disturb (v.) 打擾、擾亂
【詞性變化】
disturbance (n.) 擾亂
【搭配詞】
Do Not Disturb 請勿打擾"
dive,"dive (v.) 潛水、跳水 (n.) 潛水、跳水
【詞性變化】
diver (n.) 潛水員
【搭配詞】
scuba diving 水肺潛水"
diverse,"diverse (adj.) 多樣的、各種各樣的
【詞性變化】
diversity (n.) 多樣性
【搭配詞】
diverse cultures 多樣文化"
diversity,"diversity (n.) 多樣性
【詞性變化】
diversify (v.) 多樣化
【搭配詞】
cultural diversity 文化多樣性"
divide,"divide (v.) 劃分、分開 (n.) 分歧
【詞性變化】
division (n.) 部分、部門
【搭配詞】
divide into groups 分組"
division,"division (n.) 部門、劃分、除法
【詞性變化】
divide (v.) 分開
【搭配詞】
division of labor 分工"
divorce,"divorce (n./v.) 離婚
【詞性變化】
divorced (adj.) 離婚的
【搭配詞】
get a divorce 離婚"
dizzy,"dizzy (adj.) 暈眩的
【詞性變化】
dizziness (n.) 暈眩
【搭配詞】
feel dizzy 感到頭暈"
do,"do (aux./v.) 做；助動詞
【詞性變化】
done (adj.) 完成的；煮熟的
【搭配詞】
do your best 盡力而為"
dock,"dock (n./v.) 碼頭；（使）靠碼頭
【詞性變化】
docker (n.) 碼頭工人
【搭配詞】
load at the dock 在碼頭裝貨"
doctor/doc,"doctor/doc (n.) 醫生；博士
【詞性變化】
doctoral (adj.) 博士的
【搭配詞】
see a doctor 看醫生"
doctrine,"doctrine (n.) 教義；主義
【詞性變化】
doctrinal (adj.) 教條的
【搭配詞】
religious doctrine 宗教教義"
document,"document (n./v.) 文件；紀錄
【詞性變化】
documentation (n.) 文件資料
【搭配詞】
official document 官方文件"
documentary,"documentary (n./adj.) 紀錄片；紀錄的
【詞性變化】
document (v.) 紀錄
【搭配詞】
film a documentary 拍攝紀錄片"
dodge,"dodge (v./n.) 閃躲；避開
【詞性變化】
dodger (n.) 閃躲者
【搭配詞】
dodge a ball 躲球"
dog,"dog (n.) 狗
【詞性變化】
doggy (n.) 小狗
【搭配詞】
guide dog 導盲犬"
doll,"doll (n.) 玩偶；洋娃娃
【詞性變化】
N/A
【搭配詞】
play with dolls 玩洋娃娃"
dollar,"dollar (n.) 元（美金等）
【詞性變化】
N/A
【搭配詞】
US dollar 美金"
dolphin,"dolphin (n.) 海豚
【詞性變化】
N/A
【搭配詞】
swim with dolphins 與海豚共游"
domain,"domain (n.) 領域；領土
【詞性變化】
N/A
【搭配詞】
public domain 公有領域"
dome,"dome (n./v.) 圓屋頂；成圓頂狀
【詞性變化】
domed (adj.) 圓頂狀的
【搭配詞】
a glass dome 玻璃圓頂"
domestic,"domestic (adj.) 家庭的；國內的
【詞性變化】
domestically (adv.) 國內地；家庭地
【搭配詞】
domestic violence 家庭暴力"
dominant,"dominant (adj.) 佔優勢的；支配的
【詞性變化】
dominate (v.) 支配；控制
【搭配詞】
dominant position 佔優勢的地位"
dominate,"dominate (v.) 支配；控制
【詞性變化】
dominance (n.) 優勢；支配
【搭配詞】
dominate the market 壟斷市場"
donate,"donate (v.) 捐贈
【詞性變化】
donation (n.) 捐贈
【搭配詞】
donate blood 捐血"
donation,"donation (n.) 捐贈；捐款
【詞性變化】
donor (n.) 捐贈者
【搭配詞】
make a donation 進行捐款"
donkey,"donkey (n.) 驢子
【詞性變化】
N/A
【搭配詞】
a stubborn donkey 頑固的驢子"
donor,"donor (n.) 捐贈者
【詞性變化】
donate (v.) 捐贈
【搭配詞】
organ donor 器官捐贈者"
doom,"doom (n./v.) 厄運；使注定
【詞性變化】
doomed (adj.) 注定失敗的
【搭配詞】
be doomed to failure 注定要失敗"
door,"door (n.) 門
【詞性變化】
doorway (n.) 門口
【搭配詞】
next door 隔壁"
doorway,"doorway (n.) 門口
【詞性變化】
N/A
【搭配詞】
stand in the doorway 站在門口"
dormitory/dorm,"dormitory/dorm (n.) 宿舍
【詞性變化】
N/A
【搭配詞】
live in a dormitory 住在宿舍"
dose,"dose (n./v.) 一劑；（給予）藥量
【詞性變化】
dosage (n.) 劑量
【搭配詞】
a high dose of medicine 高劑量的藥物"
dot,"dot (n./v.) 點
【詞性變化】
dotted (adj.) 有點點的
【搭配詞】
a dot on the map 地圖上的一個點"
double,"double (adj./v./n./adv.) 兩倍的；使成兩倍
【詞性變化】
doubly (adv.) 雙倍地
【搭配詞】
double the price 價格加倍"
doubt,"doubt (n./v.) 懷疑
【詞性變化】
doubtful (adj.) 懷疑的
【搭配詞】
beyond doubt 毫無疑問"
doubtful,"doubtful (adj.) 懷疑的
【詞性變化】
doubt (n.) 懷疑
【搭配詞】
feel doubtful about... 對...感到懷疑"
dough,"dough (n.) 麵團
【詞性變化】
N/A
【搭配詞】
knead the dough 揉麵團"
doughnut,"doughnut (n.) 甜甜圈
【詞性變化】
N/A
【搭配詞】
eat a doughnut 吃甜甜圈"
dove,"dove (n.) 鴿子
【詞性變化】
N/A
【搭配詞】
a symbol of peace 和平的象徵"
download,"download (v.) 下載
【詞性變化】
N/A
【搭配詞】
download a file 下載檔案"
downstairs,"downstairs (adv./n./adj.) 在樓下
【詞性變化】
N/A
【搭配詞】
go downstairs 走到樓下"
downtown,"downtown (adj./adv./n.) 市中心
【詞性變化】
N/A
【搭配詞】
live in downtown 住在市中心"
downward,"downward (adj.) 向下的
【詞性變化】
downwards (adv.) 向下地
【搭配詞】
a downward trend 向下的趨勢"
doze,"doze (v./n.) 打瞌睡
【詞性變化】
N/A
【搭配詞】
doze off during class 課堂中打瞌睡"
dozen,"dozen (n.) 一打
【詞性變化】
dozens of (adj.) 許多；數打的
【搭配詞】
half a dozen 半打"
draft,"draft (n./v.) 草案；草擬
【詞性變化】
N/A
【搭配詞】
write a first draft 寫初稿"
drag,"drag (v./n.) 拖拉；累贅
【詞性變化】
N/A
【搭配詞】
drag the heavy box 拖重箱子"
dragon,"dragon (n.) 龍
【詞性變化】
N/A
【搭配詞】
dragon boat race 龍舟賽"
dragonfly,"dragonfly (n.) 蜻蜓
【詞性變化】
N/A
【搭配詞】
catch a dragonfly 捉蜻蜓"
drain,"drain (v./n.) 排水；使耗盡
【詞性變化】
drainage (n.) 排水系統
【搭配詞】
drain the water 排乾水"
drama,"drama (n.) 戲劇
【詞性變化】
dramatic (adj.) 戲劇性的
【搭配詞】
family drama 家庭劇"
dramatic,"dramatic (adj.) 戲劇性的；急劇的
【詞性變化】
dramatically (adv.) 急劇地
【搭配詞】
dramatic change 巨大的轉變"
drastic,"drastic (adj.) 劇烈的；徹底的
【詞性變化】
drastically (adv.) 徹底地；劇烈地
【搭配詞】
take drastic measures 採取激烈措施"
draw,"draw (v./n.) 畫；吸引；平手
【詞性變化】
drawing (n.) 素描；圖畫
【搭配詞】
draw a picture 畫畫"
drawer,"drawer (n.) 抽屜
【詞性變化】
N/A
【搭配詞】
top drawer 最上層抽屜"
drawing,"drawing (n.) 素描；圖畫
【詞性變化】
draw (v.) 畫
【搭配詞】
attend a drawing class 上繪畫課"
dread,"dread (n./v.) 恐懼；害怕
【詞性變化】
dreadful (adj.) 可怕的
【搭配詞】
dread to think 不敢去想"
dreadful,"dreadful (adj.) 可怕的；差勁的
【詞性變化】
dreadfully (adv.) 恐怖地
【搭配詞】
a dreadful accident 一場可怕的事故"
dream,"dream (n./v.) 夢；夢想
【詞性變化】
dreamy (adj.) 夢幻般的
【搭配詞】
achieve a dream 達成夢想"
dress,"dress (n./v.) 洋裝；穿衣
【詞性變化】
dresser (n.) 衣櫃；梳妝台
【搭配詞】
get dressed 穿好衣服"
dresser,"dresser (n.) 梳妝台；衣櫃
【詞性變化】
N/A
【搭配詞】
drawer in the dresser 梳妝台的抽屜"
dressing,"dressing (n.) 醬料；包紮
【詞性變化】
dress (v.) 穿衣
【搭配詞】
salad dressing 沙拉醬"
drift,"drift (v./n.) 漂流；漂泊
【詞性變化】
N/A
【搭配詞】
drift away 漂離；疏遠"
drill,"drill (n./v.) 鑽孔；演習；訓練
【詞性變化】
N/A
【搭配詞】
fire drill 消防演習"
drink,"drink (v./n.) 喝；飲料
【詞性變化】
drunk (adj.) 醉的
【搭配詞】
soft drink 軟性飲料（不含酒精）"
drip,"drip (v./n.) 滴下
【詞性變化】
N/A
【搭配詞】
water drip 水滴聲"
drive,"drive (v./n.) 駕駛；驅動
【詞性變化】
driver (n.) 司機
【搭配詞】
drive a car 開車"
driver,"driver (n.) 司機；駕駛人
【詞性變化】
drive (v.) 駕駛
【搭配詞】
taxi driver 計程車司機"
driveway,"driveway (n.) 車道
【詞性變化】
N/A
【搭配詞】
park in the driveway 停在私人車道上"
drop,"drop (v./n.) 落下；掉落；滴
【詞性變化】
N/A
【搭配詞】
drop out of school 退學"
drought,"drought (n.) 乾旱
【詞性變化】
N/A
【搭配詞】
suffer from drought 遭受旱災"
drown,"drown (v.) 淹死；淹沒
【詞性變化】
N/A
【搭配詞】
drown in the sea 在海中溺斃"
drowsy,"drowsy (adj.) 昏昏欲睡的
【詞性變化】
drowsiness (n.) 昏睡
【搭配詞】
feel drowsy 感到睏倦"
drug,"drug (n./v.) 藥物；毒品
【詞性變化】
drugstore (n.) 藥妝店
【搭配詞】
illegal drugs 毒品"
drugstore,"drugstore (n.) 藥妝店
【詞性變化】
drug (n.) 藥物
【搭配詞】
buy aspirin at a drugstore 在藥局買阿斯匹靈"
drum,"drum (n./v.) 鼓
【詞性變化】
drummer (n.) 鼓手
【搭配詞】
play the drums 打鼓"
drunk,"drunk (adj./n.) 醉的；酒鬼
【詞性變化】
drink (v.) 喝
【搭配詞】
drunk driving 酒後駕車"
dry,"dry (adj./v.) 乾的；弄乾
【詞性變化】
dryer (n.) 烘衣機
【搭配詞】
dry clean 乾洗"
dryer,"dryer (n.) 烘衣機；吹風機
【詞性變化】
dry (v.) 弄乾
【搭配詞】
hair dryer 吹風機"
dual,"dual (adj.) 雙重的
【詞性變化】
N/A
【搭配詞】
dual citizenship 雙重國籍"
dubious,"dubious (adj.) 可疑的
【詞性變化】
N/A
【搭配詞】
a dubious claim 可疑的說法"
duck,"duck (n./v.) 鴨子；躲避
【詞性變化】
N/A
【搭配詞】
roast duck 烤鴨"
due,"due (adj./adv./n.) 到期的；預定的
【詞性變化】
N/A
【搭配詞】
due date 到期日"
dull,"dull (adj./v.) 乏味的；遲鈍的
【詞性變化】
dullness (n.) 乏味
【搭配詞】
a dull color 暗淡的顏色"
dumb,"dumb (adj.) 啞的；愚笨的
【詞性變化】
N/A
【搭配詞】
strike dumb 驚訝得說不出話來"
dump,"dump (v./n.) 傾倒；拋棄；垃圾場
【詞性變化】
N/A
【搭配詞】
garbage dump 垃圾場"
dumpling,"dumpling (n.) 餃子
【詞性變化】
N/A
【搭配詞】
soup dumpling 小籠包"
durable,"durable (adj.) 耐用的
【詞性變化】
durability (n.) 耐用性
【搭配詞】
durable goods 耐用品"
duration,"duration (n.) 持續時間
【詞性變化】
durable (adj.) 耐用的
【搭配詞】
for the duration of... 在...期間"
dusk,"dusk (n.) 黃昏
【詞性變化】
N/A
【搭配詞】
from dawn to dusk 從早到晚"
dust,"dust (n./v.) 灰塵；清除灰塵
【詞性變化】
dusty (adj.) 佈滿灰塵的
【搭配詞】
thick dust 厚厚的灰塵"
dusty,"dusty (adj.) 佈滿灰塵的
【詞性變化】
dust (n.) 灰塵
【搭配詞】
a dusty shelf 佈滿灰塵的架子"
duty,"duty (n.) 職責；義務；關稅
【詞性變化】
dutiful (adj.) 盡責的
【搭配詞】
heavy duty 耐操；重裝"
dwarf,"dwarf (n./v.) 矮子；使相形見絀
【詞性變化】
N/A
【搭配詞】
the Seven Dwarfs 七個小矮人"
dwell,"dwell (v.) 居住；思索
【詞性變化】
dwelling (n.) 住處
【搭配詞】
dwell in the city 住在城市"
dwelling,"dwelling (n.) 住處
【詞性變化】
dwell (v.) 居住
【搭配詞】
modern dwelling 現代住宅"
dye,"dye (n./v.) 染料；染色
【詞性變化】
N/A
【搭配詞】
hair dye 染髮劑"
dynamic,"dynamic (adj.) 動態的；充滿活力的
【詞性變化】
dynamics (n.) 動力學
【搭配詞】
dynamic personality 活潑的個性"
dynasty,"dynasty (n.) 王朝；代
【詞性變化】
N/A
【搭配詞】
Tang Dynasty 唐朝"
eager,"eager (adj.) 渴望的；熱切的
【詞性變化】
eagerness (n.) 渴望
【搭配詞】
be eager to learn 渴望學習"
eagle,"eagle (n.) 老鷹
【詞性變化】
N/A
【搭配詞】
bald eagle 白頭海鵰"
earn,"earn (v.) 賺取；贏得
【詞性變化】
earnings (n.) 收入
【搭配詞】
earn a living 謀生"
earnest,"earnest (adj./n.) 認真的；誠摯的
【詞性變化】
earnestly (adv.) 認真地
【搭配詞】
in earnest 認真地；正式地"
earphone,"earphone (n.) 耳機
【詞性變化】
N/A
【搭配詞】
put on earphones 戴上耳機"
earring(s),"earring(s) (n.) 耳環
【詞性變化】
N/A
【搭配詞】
a pair of earrings 一對耳環"
earthquake,"earthquake (n.) 地震
【詞性變化】
N/A
【搭配詞】
major earthquake 強震"
ease,"ease (n./v.) 容易；減輕
【詞性變化】
easy (adj.) 容易的
【搭配詞】
with ease 輕而易舉"
eastern,"eastern (adj.) 東方的
【詞性變化】
east (n.) 東方
【搭配詞】
Eastern culture 東方文化"
eccentric,"eccentric (adj./n.) 古怪的；怪人
【詞性變化】
eccentricity (n.) 古怪
【搭配詞】
eccentric behavior 古怪的行為"
echo,"echo (n./v.) 迴聲；重覆
【詞性變化】
N/A
【搭配詞】
hear an echo 聽到迴聲"
eclipse,"eclipse (n./v.) 蝕；掩蓋
【詞性變化】
N/A
【搭配詞】
solar eclipse 日蝕"
ecological,"ecological (adj.) 生態的
【詞性變化】
ecology (n.) 生態學
【搭配詞】
ecological balance 生態平衡"
ecology,"ecology (n.) 生態學
【詞性變化】
ecologist (n.) 生態學家
【搭配詞】
protect the ecology 保護生態"
economic,"economic (adj.) 經濟的
【詞性變化】
economics (n.) 經濟學
【搭配詞】
economic growth 經濟成長"
economical,"economical (adj.) 節約的；經濟實惠的
【詞性變化】
economy (n.) 經濟
【搭配詞】
an economical car 省油的車"
economics,"economics (n.) 經濟學
【詞性變化】
economist (n.) 經濟學家
【搭配詞】
major in economics 主修經濟學"
economist,"economist (n.) 經濟學家
【詞性變化】
economic (adj.) 經濟的
【搭配詞】
a famous economist 著名的經濟學家"
economy,"economy (n.) 經濟；節約
【詞性變化】
economize (v.) 節約
【搭配詞】
global economy 全球經濟"
ecosystem,"ecosystem (n.) 生態系統
【詞性變化】
ecology (n.) 生態學
【搭配詞】
marine ecosystem 海洋生態系統"
edge,"edge (n./v.) 邊緣；緩緩移動 (L2)
【詞性變化】edgy (adj.) 焦躁的
【搭配詞】on the edge of... (在...的邊緣)"
edible,"edible (adj.) 可食用的 (L6)
【詞性變化】inedible (adj.) 不可食用的
【搭配詞】edible fungi (食用菌)"
edit,"edit (v.) 編輯 (L3)
【詞性變化】editor (n.) 編輯
【搭配詞】edit a video (編輯影片)"
edition,"edition (n.) 版本 (L2)
【詞性變化】edit (v.) 編輯
【搭配詞】limited edition (限量版)"
editor,"editor (n.) 編輯者 (L3)
【詞性變化】editorial (adj.) 編輯的
【搭配詞】editor-in-chief (總編輯)"
editorial,"editorial (adj./n.) 編輯的；社論 (L6)
【詞性變化】edit (v.) 編輯
【搭配詞】an editorial board (編輯委員會)"
educate,"educate (v.) 教育 (L3)
【詞性變化】education (n.) 教育
【搭配詞】highly educated (受過高等教育的)"
education,"education (n.) 教育 (L2)
【詞性變化】educational (adj.) 教育的
【搭配詞】compulsory education (義務教育)"
educational,"educational (adj.) 教育的 (L3)
【詞性變化】education (n.) 教育
【搭配詞】educational background (教育背景)"
effect,"effect (n./v.) 效果；影響 (L2)
【詞性變化】effective (adj.) 有效的
【搭配詞】side effect (副作用)"
effective,"effective (adj.) 有效的 (L2)
【詞性變化】effectively (adv.) 有效地
【搭配詞】take effective measures (採取有效措施)"
efficiency,"efficiency (n.) 效率 (L4)
【詞性變化】efficient (adj.) 有效率的
【搭配詞】energy efficiency (能源效率)"
efficient,"efficient (adj.) 有效率的 (L3)
【詞性變化】efficiently (adv.) 有效率地
【搭配詞】an efficient worker (效率高的員工)"
effort,"effort (n.) 努力 (L2)
【詞性變化】effortless (adj.) 不費吹灰之力的
【搭配詞】make an effort (努力)"
egg,"egg (n.) 蛋 (L1)
【詞性變化】eggplant (n.) 茄子
【搭配詞】lay an egg (下蛋)"
ego,"ego (n.) 自我；自負 (L5)
【詞性變化】egocentric (adj.) 以自我為中心的
【搭配詞】alter ego (另一個自我)"
either,"either (adv./pron./adj./conj.) 任一的；也 (L1)
【詞性變化】neither (adv.) 兩者都不
【搭配詞】either... or... (不是...就是...)"
elaborate,"elaborate (adj./v.) 精心製作的；詳盡闡述 (L5)
【詞性變化】elaboration (n.) 詳盡闡述
【搭配詞】elaborate on a topic (詳盡闡述一個主題)"
elastic,"elastic (adj./n.) 有彈性的；橡皮圈 (L4)
【詞性變化】elasticity (n.) 彈性
【搭配詞】elastic band (橡皮筋)"
elbow,"elbow (n./v.) 手肘；用肘推 (L3)
【詞性變化】elbowroom (n.) 活動空間
【搭配詞】elbow one's way through (用肘擠過)"
elder,"elder (n./adj.) 年長者；年長的 (L2)
【詞性變化】elderly (adj.) 年老的
【搭配詞】elder brother (哥哥)"
elderly,"elderly (adj.) 年老的 (L3)
【詞性變化】elder (adj.) 年長的
【搭配詞】the elderly (老人們)"
elect,"elect (v./adj.) 選舉；當選的 (L3)
【詞性變化】election (n.) 選舉
【搭配詞】elect a president (選出總統)"
election,"election (n.) 選舉 (L3)
【詞性變化】electoral (adj.) 選舉的
【搭配詞】general election (大選)"
electric,"electric (adj.) 用電的 (L2)
【詞性變化】electricity (n.) 電
【搭配詞】electric guitar (電吉他)"
electrical,"electrical (adj.) 與電有關的 (L2)
【詞性變化】electrician (n.) 電工
【搭配詞】electrical engineering (電機工程)"
electrician,"electrician (n.) 電工 (L6)
【詞性變化】electric (adj.) 用電的
【搭配詞】call an electrician (請電工過來)"
electricity,"electricity (n.) 電 (L3)
【詞性變化】electrical (adj.) 與電有關的
【搭配詞】save electricity (節省用電)"
electronic,"electronic (adj.) 電子的 (L3)
【詞性變化】electron (n.) 電子
【搭配詞】electronic commerce (電子商務)"
electronics,"electronics (n.) 電子學；電子設備 (L4)
【詞性變化】electronic (adj.) 電子的
【搭配詞】consumer electronics (消費性電子產品)"
elegant,"elegant (adj.) 優雅的 (L4)
【詞性變化】elegance (n.) 優雅
【搭配詞】elegant dress (優雅的禮服)"
element,"element (n.) 元素；要素 (L3)
【詞性變化】elementary (adj.) 基礎的
【搭配詞】key element (關鍵要素)"
elementary,"elementary (adj.) 基礎的 (L4)
【詞性變化】element (n.) 元素
【搭配詞】elementary school (小學)"
elephant,"elephant (n.) 大象 (L1)
【詞性變化】ivory (n.) 象牙
【搭配詞】white elephant (累贅物)"
elevate,"elevate (v.) 提升；舉起 (L6)
【詞性變化】elevation (n.) 高度、海拔
【搭配詞】elevate the spirit (提振精神)"
elevator,"elevator (n.) 電梯 (L3)
【詞性變化】elevate (v.) 提升
【搭配詞】take the elevator (搭電梯)"
eligible,"eligible (adj.) 合格的；適婚的 (L5)
【詞性變化】eligibility (n.) 合格性
【搭配詞】be eligible for (有資格參加...)"
eliminate,"eliminate (v.) 消除；淘汰 (L4)
【詞性變化】elimination (n.) 消除
【搭配詞】eliminate poverty (消除貧窮)"
eloquent,"eloquent (adj.) 雄辯的；口才流利的 (L5)
【詞性變化】eloquence (n.) 雄辯、口才
【搭配詞】an eloquent speech (雄辯的演說)"
else,"else (adv.) 其他 (L1)
【詞性變化】elsewhere (adv.) 在別處
【搭配詞】someone else (別人)"
elsewhere,"elsewhere (adv.) 在別處 (L4)
【詞性變化】else (adv.) 其他
【搭配詞】look elsewhere (往別處看)"
email,"email (n./v.) 電子郵件；發郵件 (L1)
【詞性變化】N/A
【搭配詞】send an email (寄發電子郵件)"
embarrass,"embarrass (v.) 使尷尬 (L4)
【詞性變化】embarrassment (n.) 尷尬
【搭配詞】embarrassing situation (令人尷尬的處境)"
embassy,"embassy (n.) 大使館 (L4)
【詞性變化】ambassador (n.) 大使
【搭配詞】the American Embassy (美國大使館)"
embrace,"embrace (v./n.) 擁抱；包含 (L5)
【詞性變化】N/A
【搭配詞】embrace a new idea (欣然接受新理念)"
emerge,"emerge (v.) 出現；顯露 (L4)
【詞性變化】emergence (n.) 出現
【搭配詞】emerge from the shadow (從陰影中走出)"
emergency,"emergency (n.) 緊急情況 (L3)
【詞性變化】emergent (adj.) 緊急的
【搭配詞】emergency exit (緊急出口)"
emigrant,"emigrant (n.) 移民 (L6)
【詞性變化】emigrate (v.) 移居國外
【搭配詞】illegal emigrants (非法移民)"
emigrate,"emigrate (v.) 移居國外 (L6)
【詞性變化】emigration (n.) 移居國外
【搭配詞】emigrate to Canada (移民到加拿大)"
emigration,"emigration (n.) 移居國外 (L6)
【詞性變化】emigrate (v.) 移居國外
【搭配詞】mass emigration (大規模移居國外)"
emission,"emission (n.) 排放；散發 (L5)
【詞性變化】emit (v.) 發出
【搭配詞】carbon emission (碳排放)"
emotion,"emotion (n.) 情感 (L2)
【詞性變化】emotional (adj.) 情感上的
【搭配詞】hide one's emotions (隱藏情感)"
emotional,"emotional (adj.) 情感上的；易激動的 (L3)
【詞性變化】emotionally (adv.) 情感上地
【搭配詞】emotional support (情感支持)"
emperor,"emperor (n.) 皇帝 (L3)
【詞性變化】empress (n.) 皇后
【搭配詞】The Qing emperor (清朝皇帝)"
emphasis,"emphasis (n.) 強調 (L4)
【詞性變化】emphasize (v.) 強調
【搭配詞】place emphasis on... (強調...)"
emphasize,"emphasize (v.) 強調 (L2)
【詞性變化】emphasis (n.) 強調
【搭配詞】emphasize the importance (強調其重要性)"
empire,"empire (n.) 帝國 (L4)
【詞性變化】emperor (n.) 皇帝
【搭配詞】The Roman Empire (羅馬帝國)"
employ,"employ (v.) 僱用；使用 (L2)
【詞性變化】employment (n.) 僱用、就業
【搭配詞】be employed as... (被僱用為...)"
employee,"employee (n.) 員工 (L2)
【詞性變化】employer (n.) 僱主
【搭配詞】full-time employee (全職正式員工)"
employer,"employer (n.) 僱主 (L2)
【詞性變化】employee (n.) 員工
【搭配詞】a fair employer (公平的僱主)"
empty,"empty (adj./v.) 空的；倒空 (L2)
【詞性變化】emptiness (n.) 空虛
【搭配詞】empty bottle (空瓶子)"
enable,"enable (v.) 使能夠 (L3)
【詞性變化】ability (n.) 能力
【搭配詞】enable someone to do something (使某人能夠做某事)"
enclose,"enclose (v.) 圍住；隨函附上 (L4)
【詞性變化】enclosure (n.) 圍欄、附件
【搭配詞】enclose a check (附上支票)"
encounter,"encounter (n./v.) 遇見；遭遇 (L4)
【詞性變化】N/A
【搭配詞】encounter difficulties (遭遇困難)"
encourage,"encourage (v.) 鼓勵 (L2)
【詞性變化】encouragement (n.) 鼓勵
【搭配詞】encourage someone to try (鼓勵某人試試)"
encyclopedia,"encyclopedia (n.) 百科全書 (L6)
【詞性變化】encyclopedic (adj.) 知識廣博的
【搭配詞】online encyclopedia (線上百科全書)"
end,"end (n./v.) 結束 (L1)
【詞性變化】ending (n.) 結局
【搭配詞】in the end (最後)"
endanger,"endanger (v.) 危及 (L4)
【詞性變化】danger (n.) 危險
【搭配詞】endangered species (瀕危物種)"
endeavor,"endeavor (n./v.) 努力；力圖 (L6)
【詞性變化】N/A
【搭配詞】in an endeavor to... (努力試圖去...)"
ending,"ending (n.) 結局 (L2)
【詞性變化】end (v.) 結束
【搭配詞】a happy ending (快樂的結局)"
endorse,"endorse (v.) 背書；認可 (L5)
【詞性變化】endorsement (n.) 認可、代言
【搭配詞】endorse a product (為產品代言)"
endowment,"endowment (n.) 捐贈；天賦 (L6)
【詞性變化】endow (v.) 賦予
【搭配詞】natural endowment (天賦)"
endurance,"endurance (n.) 耐力；忍耐力 (L6)
【詞性變化】endure (v.) 忍受
【搭配詞】endurance race (耐力賽)"
endure,"endure (v.) 忍受；持久 (L4)
【詞性變化】endurance (n.) 耐力
【搭配詞】endure the pain (忍受疼痛)"
enemy,"enemy (n.) 敵人 (L2)
【詞性變化】N/A
【搭配詞】make an enemy (樹敵)"
energetic,"energetic (adj.) 精力充沛的 (L3)
【詞性變化】energy (n.) 能量
【搭配詞】an energetic child (活力十足的小孩)"
energy,"energy (n.) 能量；活力 (L2)
【詞性變化】energetic (adj.) 精力充沛的
【搭配詞】renewable energy (再生能源)"
enforce,"enforce (v.) 執法；強迫 (L4)
【詞性變化】enforcement (n.) 實施、執法
【搭配詞】enforce the law (執法)"
engage,"engage (v.) 參與；從事 (L3)
【詞性變化】engagement (n.) 訂婚、參與
【搭配詞】be engaged in... (參與...)"
engine,"engine (n.) 引擎 (L2)
【詞性變化】engineer (n.) 工程師
【搭配詞】search engine (搜尋引擎)"
engineer,"engineer (n.) 工程師 (L1)
【詞性變化】engineering (n.) 工程學
【搭配詞】software engineer (軟體工程師)"
engineering,"engineering (n.) 工程學 (L4)
【詞性變化】engineer (n.) 工程師
【搭配詞】civil engineering (土木工程)"
enhance,"enhance (v.) 提升；增進 (L6)
【詞性變化】enhancement (n.) 提升
【搭配詞】enhance the quality (提升品質)"
enjoy,"enjoy (v.) 享受；喜愛 (L1)
【詞性變化】enjoyable (adj.) 令人愉快的
【搭配詞】enjoy oneself (玩得開心)"
enjoyable,"enjoyable (adj.) 令人愉快的 (L3)
【詞性變化】enjoy (v.) 享受
【搭配詞】an enjoyable evening (愉快的夜晚)"
enlarge,"enlarge (v.) 擴大 (L4)
【詞性變化】enlargement (n.) 擴大、照片放大
【搭配詞】enlarge the photo (放大照片)"
enlighten,"enlighten (v.) 啟發；開導 (L6)
【詞性變化】enlightenment (n.) 啟蒙、教化
【搭配詞】enlighten the public (啟發大眾)"
enormous,"enormous (adj.) 巨大的 (L4)
【詞性變化】enormously (adv.) 極大地
【搭配詞】an enormous amount (極大的數量)"
enough,"enough (adv./adj./n.) 足夠的 (L1)
【詞性變化】sufficient (adj.) 充足的
【搭配詞】fair enough (有道理)"
enrich,"enrich (v.) 使豐富；使肥沃 (L6)
【詞性變化】enrichment (n.) 豐富、充實
【搭配詞】enrich one's life (充實某人的生活)"
enroll,"enroll (v.) 註冊；登記 (L6)
【詞性變化】enrollment (n.) 註冊人數、入學
【搭配詞】enroll in a course (選修一門課)"
ensure,"ensure (v.) 確保 (L4)
【詞性變化】N/A
【搭配詞】ensure safety (確保安全)"
enter,"enter (v.) 進入；參加 (L1)
【詞性變化】entrance (n.) 入口
【搭配詞】enter a competition (參加比賽)"
enterprise,"enterprise (n.) 企業；事業 (L5)
【詞性變化】entrepreneur (n.) 企業家
【搭配詞】state-owned enterprise (國營企業)"
entertain,"entertain (v.) 娛樂；款待 (L4)
【詞性變化】entertainment (n.) 娛樂
【搭配詞】entertain guests (招待客人)"
enthusiasm,"enthusiasm (n.) 熱情 (L4)
【詞性變化】enthusiastic (adj.) 熱情的
【搭配詞】show enthusiasm (表現出熱情)"
enthusiastic,"enthusiastic (adj.) 熱情的 (L5)
【詞性變化】enthusiasm (n.) 熱情
【搭配詞】be enthusiastic about... (對...充滿熱情)"
entire,"entire (adj.) 整個的 (L2)
【詞性變化】entirely (adv.) 完全地
【搭配詞】the entire world (全世界)"
entitle,"entitle (v.) 賦予權力；命名 (L5)
【詞性變化】entitlement (n.) 權利、津貼
【搭配詞】be entitled to... (有權獲得...)"
entity,"entity (n.) 實體 (L5)
【詞性變化】N/A
【搭配詞】separate legal entity (獨立法人實體)"
entrance,"entrance (n.) 入口；入學 (L2)
【詞性變化】enter (v.) 進入
【搭配詞】entrance exam (入學考試)"
entrepreneur,"entrepreneur (n.) 企業家 (L5)
【詞性變化】enterprise (n.) 企業
【搭配詞】successful entrepreneur (成功的企業家)"
entry,"entry (n.) 進入；參賽作品；條目 (L3)
【詞性變化】enter (v.) 進入
【搭配詞】dictionary entry (字典條目)"
envelope,"envelope (n.) 信封 (L1)
【詞性變化】envelop (v.) 包圍、包住
【搭配詞】seal the envelope (封好信封)"
envious,"envious (adj.) 嫉妒的 (L5)
【詞性變化】envy (v./n.) 嫉妒
【搭配詞】be envious of someone (嫉妒某人)"
environment,"environment (n.) 環境 (L2)
【詞性變化】environmental (adj.) 環境的
【搭配詞】protect the environment (保護環境)"
environmental,"environmental (adj.) 環境的 (L2)
【詞性變化】environmentalist (n.) 環保人士
【搭配詞】environmental protection (環境保護)"
envision,"envision (v.) 想像；展望 (L5)
【詞性變化】vision (n.) 視力、遠見
【搭配詞】envision a better future (展望更好的未來)"
envy,"envy (n./v.) 嫉妒 (L3)
【詞性變化】envious (adj.) 嫉妒的
【搭配詞】the envy of... (羨慕的對象)"
epidemic,"epidemic (n./adj.) 流行病；流行的 (L5)
【詞性變化】pandemic (n.) 全球大流行
【搭配詞】flu epidemic (流感爆發)"
episode,"episode (n.) (影集的)一集；片段 (L5)
【詞性變化】episodic (adj.) 偶發的
【搭配詞】the latest episode (最新一集)"
equal,"equal (adj./v./n.) 平等的；等於 (L2)
【詞性變化】equality (n.) 平等
【搭配詞】be equal to... (等於...)"
equality,"equality (n.) 平等 (L4)
【詞性變化】equal (adj.) 平等的
【搭配詞】gender equality (兩性平等)"
equalize,"equalize (v.) 使平等 (L6)
【詞性變化】equalizer (n.) 均衡器、扳平比分者
【搭配詞】equalize opportunities (機會平等化)"
equate,"equate (v.) 等同視之 (L6)
【詞性變化】equation (n.) 等式、方程式
【搭配詞】equate wealth with happiness (將財富與幸福畫上等號)"
equation,"equation (n.) 方程式；等式 (L5)
【詞性變化】equate (v.) 等同視之
【搭配詞】solve an equation (解方程式)"
equipment,"equipment (n.) 設備 (L4)
【詞性變化】equip (v.) 裝備
【搭配詞】medical equipment (醫療設備)"
equity,"equity (n.) 公平；權益；股權 (L5)
【詞性變化】equitable (adj.) 公正的
【搭配詞】brand equity (品牌價值)"
equivalent,"equivalent (n./adj.) 等同的；等價物 (L5)
【詞性變化】equivalence (n.) 相等、等值
【搭配詞】be equivalent to... (相當於...)"
era,"era (n.) 時代 (L4)
【詞性變化】epoch (n.) 紀元
【搭配詞】a new era (新時代)"
erase,"erase (v.) 擦掉；抹去 (L3)
【詞性變化】eraser (n.) 橡皮擦
【搭配詞】erase the memory (抹去記憶)"
eraser,"eraser (n.) 橡皮擦 (L1)
【詞性變化】erase (v.) 擦掉
【搭配詞】whiteboard eraser (白板擦)"
erect,"erect (v./adj.) 豎立；直立的 (L5)
【詞性變化】erection (n.) 豎立、建造物
【搭配詞】erect a statue (豎立一座雕像)"
errand,"errand (n.) 差事 (L5)
【詞性變化】N/A
【搭配詞】run errands (跑腿、辦雜事)"
error,"error (n.) 錯誤 (L1)
【詞性變化】erroneous (adj.) 錯誤的
【搭配詞】trial and error (反覆試驗)"
erupt,"erupt (v.) 噴發；爆發 (L5)
【詞性變化】eruption (n.) 噴發、爆發
【搭配詞】volcano erupts (火山噴發)"
escalator,"escalator (n.) 手扶梯 (L5)
【詞性變化】escalate (v.) 逐步上升、增強
【搭配詞】take the escalator (搭手扶梯)"
escape,"escape (v./n.) 逃脫 (L2)
【詞性變化】N/A
【搭配詞】escape from prison (越獄)"
escort,"escort (n./v.) 護送；陪同 (L6)
【詞性變化】N/A
【搭配詞】police escort (警察護送)"
especially,"especially (adv.) 特別地 (L2)
【詞性變化】special (adj.) 特別的
【搭配詞】especially important (特別重要)"
essay,"essay (n.) 短文；論文 (L2)
【詞性變化】N/A
【搭配詞】write an essay (寫論文)"
essence,"essence (n.) 本質；精華 (L5)
【詞性變化】essential (adj.) 必要的
【搭配詞】in essence (本質上)"
essential,"essential (adj./n.) 必要的；必需品 (L4)
【詞性變化】essentially (adv.) 本質上地
【搭配詞】essential oil (精油)"
establish,"establish (v.) 建立 (L4)
【詞性變化】establishment (n.) 建立、機構
【搭配詞】establish a company (創立公司)"
estate,"estate (n.) 地產；遺產 (L5)
【詞性變化】N/A
【搭配詞】real estate (房地產)"
esteem,"esteem (n./v.) 尊重 (L6)
【詞性變化】self-esteem (n.) 自尊
【搭配詞】hold in high esteem (高度尊敬)"
estimate,"estimate (n./v.) 估計 (L4)
【詞性變化】estimation (n.) 估計、評價
【搭配詞】rough estimate (粗略估計)"
eternal,"eternal (adj.) 永恆的 (L5)
【詞性變化】eternity (n.) 永恆
【搭配詞】eternal life (永生)"
eternity,"eternity (n.) 永恆 (L6)
【詞性變化】eternal (adj.) 永恆的
【搭配詞】for all eternity (直到永遠)"
ethics,"ethics (n.) 倫理學；道德規範 (L5)
【詞性變化】ethical (adj.) 倫理的
【搭配詞】business ethics (商業倫理)"
ethical,"ethical (adj.) 倫理的；道德的 (L5)
【詞性變化】ethics (n.) 倫理
【搭配詞】ethical standards (道德標準)"
ethnic,"ethnic (adj./n.) 種族的；少數民族成員 (L4)
【詞性變化】ethnicity (n.) 種族淵源
【搭配詞】ethnic groups (族群)"
evacuate,"evacuate (v.) 撤離；疏散 (L6)
【詞性變化】evacuation (n.) 撤離
【搭配詞】evacuate the building (疏散大樓人員)"
evaluate,"evaluate (v.) 評估 (L4)
【詞性變化】evaluation (n.) 評估
【搭配詞】evaluate performance (評估表現)"
evaluation,"evaluation (n.) 評估 (L4)
【詞性變化】evaluate (v.) 評估
【搭配詞】self-evaluation (自我評估)"
eve,"eve (n.) 前夕 (L2)
【詞性變化】N/A
【搭配詞】Christmas Eve (聖誕夜)"
even,"even (adv./adj./v.) 甚至；平坦的 (L1)
【詞性變化】evenly (adv.) 均勻地
【搭配詞】even if... (即便...)"
evening,"evening (n.) 傍晚 (L1)
【詞性變化】N/A
【搭配詞】good evening (晚上好)"
event,"event (n.) 事件 (L2)
【詞性變化】eventful (adj.) 多事的
【搭配詞】current events (時事)"
eventual,"eventual (adj.) 最終的 (L4)
【詞性變化】eventually (adv.) 最終地
【搭配詞】eventual success (最終的成功)"
ever,"ever (adv.) 曾經 (L1)
【詞性變化】forever (adv.) 永遠
【搭配詞】ever since... (從那時起一直...)"
evergreen,"evergreen (adj./n.) 常綠的；常綠植物 (L6)
【詞性變化】N/A
【搭配詞】evergreen forest (常綠林)"
every,"every (adj.) 每個 (L1)
【詞性變化】everybody (pron.) 每個人
【搭配詞】every single day (每一天)"
everyone,"everyone (pron.) 每個人 (L1)
【詞性變化】everybody (pron.) 每個人
【搭配詞】everyone is here (大家都在這裡)"
everything,"everything (pron.) 每件事物 (L1)
【詞性變化】N/A
【搭配詞】everything is ready (一切就緒)"
evidence,"evidence (n./v.) 證據；證明 (L4)
【詞性變化】evident (adj.) 明顯的
【搭配詞】scientific evidence (科學證據)"
evident,"evident (adj.) 明顯的 (L4)
【詞性變化】evidently (adv.) 顯然地
【搭配詞】be evident that... (明顯的是...)"
evil,"evil (n./adj.) 邪惡 (L2)
【詞性變化】evilness (n.) 邪惡
【搭配詞】the root of all evil (萬惡之源)"
evoke,"evoke (v.) 喚起；引起 (L6)
【詞性變化】evocation (n.) 喚起、招魂
【搭配詞】evoke memories (喚起回憶)"
evolution,"evolution (n.) 演化 (L5)
【詞性變化】evolve (v.) 演化
【搭配詞】the theory of evolution (演化論)"
evolve,"evolve (v.) 演化；逐步發展 (L5)
【詞性變化】evolution (n.) 演化
【搭配詞】evolve into... (演變成...)"
exact,"exact (adj.) 確切的 (L2)
【詞性變化】exactly (adv.) 確切地
【搭配詞】exact time (確切時間)"
exaggerate,"exaggerate (v.) 誇張 (L4)
【詞性變化】exaggeration (n.) 誇大
【搭配詞】highly exaggerated (高度誇張的)"
exaggeration,"exaggeration (n.) 誇張 (L5)
【詞性變化】exaggerate (v.) 誇張
【搭配詞】without exaggeration (不誇張地說)"
examination,"examination (n.) 考試；檢查 (L2)
【詞性變化】examine (v.) 檢查
【搭配詞】physical examination (身體檢查)"
examine,"examine (v.) 檢查 (L2)
【詞性變化】examiner (n.) 考官、檢查員
【搭配詞】examine carefully (細心檢查)"
examinee,"examinee (n.) 應試者 (L6)
【詞性變化】examiner (n.) 考官
【搭配詞】examinee's number (准考證號碼)"
examiner,"examiner (n.) 考官 (L6)
【詞性變化】examinee (n.) 應試者
【搭配詞】external examiner (校外考官)"
example,"example (n.) 例子 (L1)
【詞性變化】exemplify (v.) 例證
【搭配詞】for example (例如)"
exceed,"exceed (v.) 超過 (L5)
【詞性變化】excess (n.) 過量
【搭配詞】exceed the speed limit (超速)"
excel,"excel (v.) 擅長；勝過 (L6)
【詞性變化】excellent (adj.) 出色的
【搭配詞】excel in mathematics (擅長數學)"
excellence,"excellence (n.) 優秀 (L3)
【詞性變化】excellent (adj.) 出色的
【搭配詞】center of excellence (卓越中心)"
excellent,"excellent (adj.) 出色的 (L1)
【詞性變化】excellence (n.) 優秀
【搭配詞】excellent performance (傑出的表現)"
except,"except (prep./conj.) 除了...之外 (L1)
【詞性變化】exception (n.) 例外
【搭配詞】except for... (除了...以外)"
exception,"exception (n.) 例外 (L4)
【詞性變化】exceptional (adj.) 卓越的
【搭配詞】with the exception of... (除了...之外)"
exceptional,"exceptional (adj.) 卓越的；例外的 (L5)
【詞性變化】exception (n.) 例外
【搭配詞】exceptional talent (非凡的才華)"
excerpt,"excerpt (n./v.) 摘錄 (L6)
【詞性變化】N/A
【搭配詞】an excerpt from a book (書中的摘錄)"
excess,"excess (adj./n.) 過量 (L6)
【詞性變化】excessive (adj.) 過度的
【搭配詞】in excess of... (超過...)"
excessive,"excessive (adj.) 過度的 (L5)
【詞性變化】excess (n.) 過量
【搭配詞】excessive drinking (飲酒過量)"
exchange,"exchange (n./v.) 交換 (L3)
【詞性變化】interchangeable (adj.) 可互換的
【搭配詞】exchange rate (匯率)"
excite,"excite (v.) 使激動 (L2)
【詞性變化】excitement (n.) 興奮
【搭配詞】nothing to get excited about (沒什麼好興奮的)"
excited,"excited (adj.) 興奮的 (L1)
【詞性變化】exciting (adj.) 令人興奮的
【搭配詞】be excited about... (對...感到興奮)"
exciting,"exciting (adj.) 令人興奮的 (L1)
【詞性變化】excited (adj.) 興奮的
【搭配詞】an exciting game (一場刺激的比賽)"
exclaim,"exclaim (v.) 驚叫；呼喊 (L5)
【詞性變化】exclamation (n.) 感嘆
【搭配詞】exclaim in surprise (驚訝地呼喊)"
exclude,"exclude (v.) 排除 (L5)
【詞性變化】exclusion (n.) 排除
【搭配詞】exclude the possibility (排除可能性)"
exclusion,"exclusion (n.) 排除 (L6)
【詞性變化】exclude (v.) 排除
【搭配詞】social exclusion (社會排斥)"
exclusive,"exclusive (adj.) 獨家的；排他的 (L5)
【詞性變化】exclusively (adv.) 獨家地
【搭配詞】exclusive interview (獨家專訪)"
excuse,"excuse (v./n.) 原諒；藉口 (L2)
【詞性變化】N/A
【搭配詞】excuse me (對不起/請問)"
execute,"execute (v.) 執行；處決 (L5)
【詞性變化】execution (n.) 執行
【搭配詞】execute a plan (執行計畫)"
execution,"execution (n.) 執行；處死 (L5)
【詞性變化】execute (v.) 執行
【搭配詞】stay of execution (緩刑)"
executive,"executive (n./adj.) 主管；執行的 (L5)
【詞性變化】execute (v.) 執行
【搭配詞】chief executive officer (執行長/CEO)"
exempt,"exempt (adj.) 免除的 (L6)
【詞性變化】exemption (n.) 免除、豁免
【搭配詞】tax exempt (免稅的)"
exercise,"exercise (n./v.) 運動；練習 (L1)
【詞性變化】N/A
【搭配詞】do exercise (做運動)"
exert,"exert (v.) 運用(力量)；施加 (L6)
【詞性變化】exertion (n.) 努力、發揮
【搭配詞】exert pressure on... (對...施加壓力)"
exhaust,"exhaust (n./v.) 廢氣；使精疲力竭 (L4)
【詞性變化】exhaustion (n.) 疲憊
【搭配詞】car exhaust (汽車廢氣)"
exhibit,"exhibit (n./v.) 展覽；顯示 (L4)
【詞性變化】exhibition (n.) 展覽會
【搭配詞】exhibit symptoms (顯現症狀)"
exhibition,"exhibition (n.) 展覽會 (L3)
【詞性變化】exhibit (v.) 展出
【搭配詞】art exhibition (美展)"
exile,"exile (n./v.) 流放 (L5)
【詞性變化】N/A
【搭配詞】in exile (流放中)"
exist,"exist (v.) 存在 (L2)
【詞性變化】existence (n.) 存在
【搭配詞】exist on... (靠...生存)"
existence,"existence (n.) 存在 (L2)
【詞性變化】exist (v.) 存在
【搭配詞】come into existence (開始存在)"
exit,"exit (n.) 出口 (v.) 離開、退出
【搭配詞】
emergency exit 緊急出口"
exotic,"exotic (adj.) 異國風情的、外來的
【搭配詞】
exotic plants 外來植物"
expand,"expand (v.) 擴大、膨脹
【詞性變化】
expansion (n.) 擴充、擴展
【搭配詞】
expand the business 擴展業務"
expect,"expect (v.) 期待、預期
【詞性變化】
expectation (n.) 期待、期望
【搭配詞】
expect a phone call 期待一通電話"
expensive,"expensive (adj.) 昂貴的
【搭配詞】
expensive jewelry 昂貴的珠寶"
experience,"experience (n./v.) 經驗、體驗
【詞性變化】
experienced (adj.) 有經驗的
【搭配詞】
work experience 工作經驗"
experiment,"experiment (n./v.) 實驗、試驗
【詞性變化】
experimental (adj.) 實驗性的
【搭配詞】
conduct an experiment 進行實驗"
expert,"expert (n.) 專家 (adj.) 熟練的
【搭配詞】
medical expert 醫學專家"
explain,"explain (v.) 解釋、說明
【詞性變化】
explanation (n.) 解釋、說明
【搭配詞】
explain the rules 解釋規則"
explode,"explode (v.) 爆炸、爆發
【詞性變化】
explosion (n.) 爆炸
【搭配詞】
explode with anger 勃然大怒"
explore,"explore (v.) 探索、探險
【詞性變化】
exploration (n.) 探索、探險
【搭配詞】
explore the world 探索世界"
export,"export (v./n.) 出口、輸出
【搭配詞】
export goods 出口貨物"
expose,"expose (v.) 暴露、揭露
【詞性變化】
exposure (n.) 暴露、揭發
【搭配詞】
be exposed to sunlight 暴露在陽光下"
express,"express (v.) 表達 (n.) 快遞
【詞性變化】
expression (n.) 表達、表情
【搭配詞】
express an opinion 表達意見"
extend,"extend (v.) 延伸、延長
【詞性變化】
extension (n.) 延伸、分機
【搭配詞】
extend a deadline 延長期限"
extensive,"extensive (adj.) 廣泛的、大規模的
【搭配詞】
extensive research 廣泛的研究"
extent,"extent (n.) 程度、範圍
【搭配詞】
to some extent 在某種程度上"
external,"external (adj.) 外部的、外來的
【搭配詞】
external hard drive 外接硬碟"
extinct,"extinct (adj.) 絕種的、滅絕的
【詞性變化】
extinction (n.) 絕種、滅絕
【搭配詞】
extinct species 絕種物種"
extra,"extra (adj.) 額外的 (adv.) 特別地
【搭配詞】
extra charge 額外費用"
extraordinary,"extraordinary (adj.) 非凡的、特別的
【搭配詞】
extraordinary talent 非凡的才華"
extreme,"extreme (adj.) 極端的 (n.) 極端
【搭配詞】
extreme sports 極限運動"
eye,"eye (n.) 眼睛
【搭配詞】
keep an eye on 密切注意"
eyebrow,"eyebrow (n.) 眉毛
【搭配詞】
raise an eyebrow 感到驚訝"
eyesight,"eyesight (n.) 視力
【搭配詞】
poor eyesight 視力不佳"
fable,"fable (n.) 寓言故事
【搭配詞】
Aesop's Fables 伊索寓言"
fabric,"fabric (n.) 布料、織物
【搭配詞】
cotton fabric 棉質布料"
fabulous,"fabulous (adj.) 極好的、驚人的
【搭配詞】
a fabulous party 極好的派對"
face,"face (n.) 臉 (v.) 面對
【搭配詞】
face the truth 面對事實"
facial,"facial (adj.) 面部的 (n.) 面部護理
【搭配詞】
facial expression 面部表情"
facility,"facility (n.) 設施、設備
【搭配詞】
sports facilities 體育設施"
fact,"fact (n.) 事實
【搭配詞】
in fact 事實上"
factor,"factor (n.) 因素、要素
【搭配詞】
deciding factor 決定性因素"
factory,"factory (n.) 工廠
【搭配詞】
shoe factory 鞋廠"
faculty,"faculty (n.) 系所、全體教員
【搭配詞】
faculty members 教職員"
fade,"fade (v.) 褪色、凋謝、消失
【搭配詞】
fade away 逐漸消失"
fail,"fail (v.) 失敗、不及格
【詞性變化】
failure (n.) 失敗、衰竭
【搭配詞】
fail the exam 考試不及格"
faint,"faint (adj.) 虛弱的、模糊的 (v.) 昏倒
【搭配詞】
faint smell 隱約的氣味"
fair,"fair (adj.) 公平的 (n.) 市集、博覽會
【搭配詞】
fair trade 公平貿易"
fairy,"fairy (n.) 仙女、小精靈
【搭配詞】
fairy tale 童話故事"
faith,"faith (n.) 信心、信仰
【詞性變化】
faithful (adj.) 忠誠的
【搭配詞】
have faith in 對...有信心"
fake,"fake (adj.) 假的 (n.) 贗品 (v.) 偽造
【搭配詞】
fake news 假新聞"
fall,"fall (v.) 落下、跌倒 (n.) 秋天
【搭配詞】
fall in love 墜入愛河"
0,"false (adj.) 錯誤的、虛偽的
【搭配詞】
false alarm 虛驚一場"
fame,"fame (n.) 名聲、名望
【詞性變化】
famous (adj.) 有名的
【搭配詞】
rise to fame 聲名鵲起"
familiar,"familiar (adj.) 熟悉的
【詞性變化】
familiarity (n.) 熟悉、親密
【搭配詞】
be familiar with 熟悉..."
family,"family (n.) 家庭、家人
【搭配詞】
family reunion 家庭團聚"
fancy,"fancy (adj.) 華麗的 (v.) 想要、想像
【搭配詞】
a fancy restaurant 華麗的餐廳"
fantastic,"fantastic (adj.) 極好的、奇幻的
【搭配詞】
a fantastic idea 極好的主意"
fantasy,"fantasy (n.) 幻想、夢幻
【搭配詞】
fantasy world 幻想世界"
far,"far (adj./adv.) 遙遠的、遠遠地
【搭配詞】
so far 到目前為止"
fare,"fare (n.) 票價、交通費
【搭配詞】
bus fare 公車票價"
farewell,"farewell (n.) 告別、再會
【搭配詞】
farewell party 歡送會"
farm,"farm (n.) 農場 (v.) 耕作
【詞性變化】
farmer (n.) 農夫
【搭配詞】
organic farm 有機農場"
fascinate,"fascinate (v.) 使著迷
【詞性變化】
fascination (n.) 魅力、迷戀
【搭配詞】
be fascinated by 被...吸引住"
fashion,"fashion (n.) 時尚、流行
【詞性變化】
fashionable (adj.) 時髦的
【搭配詞】
in fashion 流行中"
fast,"fast (adj./adv.) 快速的、快地
【搭配詞】
fast food 速食"
fasten,"fasten (v.) 繫緊、固定
【搭配詞】
fasten seatbelts 繫好安全帶"
fat,"fat (adj.) 肥胖的 (n.) 脂肪
【搭配詞】
low fat 低脂"
fatal,"fatal (adj.) 致命的、重大的
【搭配詞】
fatal accident 致命事故"
fate,"fate (n.) 命運
【搭配詞】
decide one's fate 決定某人的命運"
father,"father (n.) 父親
【搭配詞】
father figure 父親般的角色"
fatigue,"fatigue (n.) 疲勞、疲乏
【搭配詞】
mental fatigue 精神疲勞"
faucet,"faucet (n.) 水龍頭
【搭配詞】
turn off the faucet 關掉水龍頭"
fault,"fault (n.) 錯誤、缺點
【搭配詞】
find fault with 挑剔"
favor,"favor (n.) 恩惠、贊同 (v.) 偏愛
【詞性變化】
favorable (adj.) 有利的、贊同的
【搭配詞】
do me a favor 幫我一個忙"
favorite,"favorite (adj.) 最喜愛的 (n.) 最喜愛的人或物
【搭配詞】
my favorite book 我最喜愛的書"
fax,"fax (n./v.) 傳真
【搭配詞】
send a fax 傳送傳真"
fear,"fear (n./v.) 恐懼、害怕
【詞性變化】
fearful (adj.) 害怕的
【搭配詞】
fear of heights 懼高症"
feasible,"feasible (adj.) 可行的
【搭配詞】
a feasible plan 可行的計畫"
feast,"feast (n.) 盛宴 (v.) 盡情享用
【搭配詞】
a wedding feast 結婚盛宴"
feather,"feather (n.) 羽毛
【搭配詞】
light as a feather 輕如羽毛"
feature,"feature (n.) 特徵、特色 (v.) 以...為特色
【搭配詞】
main feature 主要特徵"
federal,"federal (adj.) 聯邦的
【搭配詞】
federal government 聯邦政府"
fee,"fee (n.) 費用、酬金
【搭配詞】
entrance fee 入場費"
feeble,"feeble (adj.) 虛弱的、無力的
【搭配詞】
a feeble old man 虛弱的老人"
feed,"feed (v.) 餵養、進食
【詞性變化】
feedback (n.) 回饋、反應
【搭配詞】
feed the birds 餵鳥"
feel,"feel (v.) 感覺 (n.) 觸感
【詞性變化】
feeling (n.) 感覺、感情
【搭配詞】
feel like doing 想要做..."
fellow,"fellow (n.) 同伴、傢伙 (adj.) 同類的
【搭配詞】
fellow students 同學"
female,"female (adj.) 女性的 (n.) 女性、雌性動物
【搭配詞】
female employee 女性員工"
fence,"fence (n.) 籬笆、柵欄
【搭配詞】
a wooden fence 木柵欄"
ferry,"ferry (n.) 渡輪 (v.) 運送
【搭配詞】
take a ferry 乘渡輪"
fertile,"fertile (adj.) 肥沃的、能生育的
【詞性變化】
fertilizer (n.) 肥料
【搭配詞】
fertile soil 肥沃的土壤"
festival,"festival (n.) 節日、慶典
【搭配詞】
music festival 音樂節"
fetch,"fetch (v.) (去)拿來
【搭配詞】
fetch some water 拿些水來"
fever,"fever (n.) 發燒、狂熱
【搭配詞】
have a high fever 發高燒"
fiction,"fiction (n.) 小說、虛構故事
【搭配詞】
science fiction 科幻小說"
field,"field (n.) 田野、領域
【搭配詞】
in the field of science 在科學領域"
fierce,"fierce (adj.) 兇猛的、激烈的
【搭配詞】
fierce competition 激烈競爭"
fight,"fight (v./n.) 打架、奮鬥
【詞性變化】
fighter (n.) 戰士、戰鬥機
【搭配詞】
fight for freedom 為自由而戰"
figure,"figure (n.) 數字、身材、人物 (v.) 計算、認為
【搭配詞】
public figure 公眾人物"
file,"file (n.) 檔案 (v.) 歸檔
【搭配詞】
keep a file 存檔"
fill,"fill (v.) 充滿、填滿
【搭配詞】
fill in the blanks 填空"
filter,"filter (n.) 過濾器 (v.) 過濾
【搭配詞】
water filter 濾水器"
final,"final (adj.) 最後的、最終的 (n.) 決賽
【詞性變化】
finally (adv.) 最後、終於
【搭配詞】
final exam 期末考"
finance,"finance (n.) 財政、金融 (v.) 提供資金
【詞性變化】
financial (adj.) 財務的、金融的
【搭配詞】
personal finance 個人理財"
find,"find (v.) 找到、發現
【搭配詞】
find out 找出、查明"
fine,"fine (adj.) 好的、細緻的 (n./v.) 罰款
【搭配詞】
pay a fine 繳罰款"
finger,"finger (n.) 手指
【搭配詞】
index finger 食指"
finish,"finish (v.) 完成、結束
【搭配詞】
finish the task 完成任務"
fire,"fire (n.) 火、火災 (v.) 解僱、開火
【搭配詞】
catch fire 著火"
firework,"firework (n.) 煙火
【搭配詞】
firework display 煙火表演"
firm,"firm (n.) 公司 (adj.) 堅定的、穩固的
【搭配詞】
a law firm 法律事務所"
first,"first (adj./adv.) 第一、首先
【搭配詞】
first aid 急救"
fish,"fish (n.) 魚 (v.) 釣魚
【詞性變化】
fisherman (n.) 漁夫
【搭配詞】
go fishing 去釣魚"
fist,"fist (n.) 拳頭
【搭配詞】
make a fist 握拳"
fit,"fit (v.) 合適、裝配 (adj.) 健康的
【搭配詞】
keep fit 保持健康"
fix,"fix (v.) 修理、固定、準備
【搭配詞】
fix the problem 解決問題"
flag,"flag (n.) 旗幟
【搭配詞】
national flag 國旗"
flame,"flame (n.) 火焰
【搭配詞】
in flames 著火中"
flash,"flash (v./n.) 閃光、閃爍
【詞性變化】
flashlight (n.) 手電筒
【搭配詞】
news flash 新聞快報"
flat,"flat (adj.) 平坦的 (n.) 公寓
【搭配詞】
a flat tire 爆胎"
flatter,"flatter (v.) 奉承、討好
【搭配詞】
stop flattering me 別再奉承我了"
flavor,"flavor (n.) 風味、味道
【搭配詞】
artificial flavor 人工香料"
flaw,"flaw (n.) 瑕疵、缺陷
【搭配詞】
fatal flaw 致命缺陷"
flee,"flee (v.) 逃跑、逃避
【搭配詞】
flee from danger 逃離危險"
flesh,"flesh (n.) 肉、果肉
【搭配詞】
flesh and blood 血肉之軀"
flexible,"flexible (adj.) 有彈性的、靈活的
【搭配詞】
flexible working hours 彈性工作時間"
flight,"flight (n.) 飛行、航班
【搭配詞】
direct flight 直飛航班"
float,"float (v.) 漂浮
【搭配詞】
float on the water 漂浮在水面上"
flock,"flock (n.) 群 (v.) 聚集
【搭配詞】
a flock of sheep 一群綿羊"
flood,"flood (n.) 洪水 (v.) 淹沒
【搭配詞】
flash flood 暴洪"
floor,"floor (n.) 地板、樓層
【搭配詞】
on the second floor 在二樓"
flour,"flour (n.) 麵粉
【搭配詞】
wheat flour 小麥麵粉"
flow,"flow (v./n.) 流動
【搭配詞】
cash flow 現金流量"
flower,"flower (n.) 花 (v.) 開花
【搭配詞】
flower arrangement 插花"
flu,"flu (n.) 流行性感冒
【搭配詞】
catch the flu 得流感"
fluent,"fluent (adj.) 流利的
【詞性變化】
fluency (n.) 流利
【搭配詞】
fluent in English 英文流利"
fluid,"fluid (n.) 流體、液體 (adj.) 流動的
【搭配詞】
body fluid 體液"
flush,"flush (v.) 沖洗、臉紅
【搭配詞】
flush the toilet 沖馬桶"
flute,"flute (n.) 笛子、長笛
【搭配詞】
play the flute 吹長笛"
fly,"fly (v.) 飛行 (n.) 蒼蠅
【搭配詞】
fly a kite 放風箏"
focus,"focus (v./n.) 焦點、集中
【搭配詞】
focus on something 專注於某事"
fog,"fog (n.) 霧
【詞性變化】
foggy (adj.) 多霧的
【搭配詞】
heavy fog 濃霧"
fold,"fold (v.) 折疊
【搭配詞】
fold the clothes 折衣服"
folk,"folk (n.) 人們 (adj.) 民俗的
【搭配詞】
folk music 民俗音樂"
follow,"follow (v.) 跟隨、遵守
【詞性變化】
follower (n.) 追隨者
【搭配詞】
follow the instructions 遵守指示"
fond,"fond (adj.) 喜愛的
【搭配詞】
be fond of 喜愛..."
food,"food (n.) 食物
【搭配詞】
food poisoning 食物中毒"
fool,"fool (n.) 傻瓜 (v.) 愚弄
【詞性變化】
foolish (adj.) 愚蠢的
【搭配詞】
make a fool of oneself 出糗"
foot,"foot (n.) 腳、英尺
【搭配詞】
on foot 步行"
football,"football (n.) 足球、橄欖球
【搭配詞】
play football 踢足球"
forbid,"forbid (v.) 禁止
【搭配詞】
forbid someone to do something 禁止某人做某事"
force,"force (n.) 力量 (v.) 強迫
【搭配詞】
air force 空軍"
forecast,"forecast (n./v.) 預測、預報
【搭配詞】
weather forecast 天氣預報"
foreign,"foreign (adj.) 外國的
【詞性變化】
foreigner (n.) 外國人
【搭配詞】
foreign language 外語"
forest,"forest (n.) 森林
【搭配詞】
tropical forest 熱帶森林"
forever,"forever (adv.) 永遠
【搭配詞】
last forever 永遠持續"
forget,"forget (v.) 忘記
【搭配詞】
forget about it 忘掉吧"
forgive,"forgive (v.) 原諒
【搭配詞】
forgive and forget 既往不咎"
fork,"fork (n.) 叉子、分岔路
【搭配詞】
knife and fork 刀叉"
form,"form (n.) 表格、形式 (v.) 形成
【詞性變化】
formal (adj.) 正式的
【搭配詞】
fill out a form 填寫表格"
former,"former (adj.) 前任的、先前的
【搭配詞】
former president 前任總統"
fortune,"fortune (n.) 財富、運氣
【搭配詞】
make a fortune 賺大錢"
forward,"forward (adv.) 向前 (v.) 轉寄
【搭配詞】
look forward to 期待"
fossil,"fossil (n.) 化石
【搭配詞】
fossil fuel 化石燃料"
foster,"foster (v.) 培養、收養 (adj.) 收養的
【搭配詞】
foster child 養子/養女"
found,"found (v.) 創立、建立
【詞性變化】
foundation (n.) 基礎、基金會
【搭配詞】
found a company 創立公司"
fountain,"fountain (n.) 噴泉、噴水池
【搭配詞】
drinking fountain 飲水機"
fox,"fox (n.) 狐狸
【搭配詞】
cunning as a fox 像狐狸一樣狡猾"
fragile,"fragile (adj.) 易碎的、脆弱的
【搭配詞】
fragile handle with care 易碎品，小心搬運"
fragment,"fragment (n.) 碎片、片段
【搭配詞】
glass fragments 玻璃碎片"
fragrance,"fragrance (n.) 香味、香水
【搭配詞】
a light fragrance 淡雅的清香"
frame,"frame (n.) 框架 (v.) 裝框、陷害
【詞性變化】
framework (n.) 架構
【搭配詞】
picture frame 相框"
frank,"frank (adj.) 坦白的、真誠的
【搭配詞】
to be frank with you 老實跟你說"
frantic,"frantic (adj.) 發瘋似的、手忙腳亂的
【搭配詞】
a frantic search 瘋狂的搜索"
fraud,"fraud (n.) 欺詐、騙子
【搭配詞】
credit card fraud 信用卡詐騙"
freak,"freak (n.) 怪胎 (adj.) 異常的
【搭配詞】
freak accident 奇異的意外"
free,"free (adj.) 自由的、免費的 (v.) 解放
【詞性變化】
freedom (n.) 自由
【搭配詞】
free of charge 免費"
freeway,"freeway (n.) 高速公路
【搭配詞】
traffic jam on the freeway 高速公路塞車"
freeze,"freeze (v.) 結冰、冷凍、凍結
【搭配詞】
freeze to death 凍死"
